code_stock,code_industry,pe_stock,pb_stock,pe_industry,pb_industry,date_time
600000,J66,5.19,0.54,5.89,0.63,2020-05-29
600004,G56,47.43,2.04,37.33,1.54,2020-05-29
600009,G56,37.5,4.35,37.33,1.54,2020-05-29
600010,C31,--,0.96,10.69,0.85,2020-05-29
600011,D44,62.31,0.66,17.02,1.24,2020-05-29
600015,J66,4.43,0.36,5.89,0.63,2020-05-29
600016,J66,4.56,0.46,5.89,0.63,2020-05-29
600018,G55,10.66,1.12,13.23,1.1,2020-05-29
600019,C31,9.69,0.61,10.69,0.85,2020-05-29
600023,D44,12.47,0.74,17.02,1.24,2020-05-29
600025,D44,13.79,1.18,17.02,1.24,2020-05-29
600027,D44,9.42,0.53,17.02,1.24,2020-05-29
600028,B07,21.75,0.7,30.01,0.67,2020-05-29
600029,G56,--,1.06,37.33,1.54,2020-05-29
600030,J67,22.59,1.62,24.97,1.56,2020-05-29
600031,C35,15.19,3.33,38.13,3.78,2020-05-29
600036,J66,8.94,1.33,5.89,0.63,2020-05-29
600038,C37,43.62,2.97,30.04,1.79,2020-05-29
600048,K70,6.12,1.06,8.07,1.15,2020-05-29
600050,I63,32.38,1.07,41.83,1.42,2020-05-29
600061,J67,21.12,1.27,24.97,1.56,2020-05-29
600066,C36,18.02,1.54,20.65,1.51,2020-05-29
600068,E48,5.32,0.53,7.31,0.73,2020-05-29
600085,C27,39.27,3.62,43.1,4.17,2020-05-29
600089,C38,12.88,0.71,25.9,3.02,2020-05-29
600100,C39,--,1.32,41.54,3.93,2020-05-29
600104,C36,11.33,0.84,20.65,1.51,2020-05-29
600109,J67,21.66,1.41,24.97,1.56,2020-05-29
600111,C32,57.48,3.8,32.73,1.88,2020-05-29
600115,G56,--,1.09,37.33,1.54,2020-05-29
600118,C39,119.71,6.68,41.54,3.93,2020-05-29
600153,F51,4.34,0.76,15.86,1.37,2020-05-29
600170,E48,10.05,0.86,7.31,0.73,2020-05-29
600176,C30,15.94,1.93,15.28,2.23,2020-05-29
600177,C18,6.76,1.08,16.64,1.58,2020-05-29
600183,C39,39.64,6.63,41.54,3.93,2020-05-29
600188,B06,4.9,0.67,7.61,0.82,2020-05-29
600196,C27,24.73,2.41,43.1,4.17,2020-05-29
600208,K70,17.36,0.74,8.07,1.15,2020-05-29
600219,C32,14.59,0.62,32.73,1.88,2020-05-29
600221,G56,--,0.59,37.33,1.54,2020-05-29
600233,G60,26.5,2.59,33.23,4.13,2020-05-29
600271,C39,60.85,2.58,41.54,3.93,2020-05-29
600276,C27,76.62,15.99,43.1,4.17,2020-05-29
600297,F52,18.05,0.67,21.46,1.78,2020-05-29
600299,C27,30.6,2.15,43.1,4.17,2020-05-29
600309,C26,16.75,3.34,23.35,2.06,2020-05-29
600332,C27,16.52,1.93,43.1,4.17,2020-05-29
600340,K70,4.49,1.32,8.07,1.15,2020-05-29
600346,C28,8.4,2.55,13.75,2.1,2020-05-29
600352,C26,8.03,1.55,23.35,2.06,2020-05-29
600362,C32,23.43,0.91,32.73,1.88,2020-05-29
600369,J67,29.73,1.25,24.97,1.56,2020-05-29
600372,C37,34.88,2.95,30.04,1.79,2020-05-29
600383,K70,5.83,1.09,8.07,1.15,2020-05-29
600390,J69,11.28,0.84,17.79,1.31,2020-05-29
600398,C18,11.72,1.96,16.64,1.58,2020-05-29
600406,I65,19.7,2.79,61.63,4.92,2020-05-29
600436,C27,61.56,12.53,43.1,4.17,2020-05-29
600438,C13,23.61,2.65,25.36,4.13,2020-05-29
600482,C37,31.66,0.98,30.04,1.79,2020-05-29
600487,C38,23.34,2.3,25.9,3.02,2020-05-29
600489,B09,53.07,2.19,39.67,2.37,2020-05-29
600498,C39,52.63,2.9,41.54,3.93,2020-05-29
600516,C30,18.51,1.69,15.28,2.23,2020-05-29
600519,C15,39.85,11.51,34.72,7.25,2020-05-29
600522,C38,19.65,1.67,25.9,3.02,2020-05-29
600535,C27,26.33,1.95,43.1,4.17,2020-05-29
600547,B09,77.33,4.84,39.67,2.37,2020-05-29
600566,C27,11.35,2.72,43.1,4.17,2020-05-29
600570,I65,86.92,19.06,61.63,4.92,2020-05-29
600583,B11,--,0.91,28.95,1.49,2020-05-29
600585,C30,9.28,2.12,15.28,2.23,2020-05-29
600588,I65,131.38,16.28,61.63,4.92,2020-05-29
600606,K70,4.65,0.82,8.07,1.15,2020-05-29
600637,I63,19.33,1.17,41.83,1.42,2020-05-29
600655,F52,10.26,1.02,21.46,1.78,2020-05-29
600660,C30,17.9,2.25,15.28,2.23,2020-05-29
600663,K70,12.87,2.43,8.07,1.15,2020-05-29
600674,D44,14.31,1.41,17.02,1.24,2020-05-29
600690,C38,15.24,2.24,25.9,3.02,2020-05-29
600703,C39,88.75,4.28,41.54,3.93,2020-05-29
600705,J69,11.17,1.11,17.79,1.31,2020-05-29
600733,C36,--,1.2,20.65,1.51,2020-05-29
600741,C36,12.7,1.23,20.65,1.51,2020-05-29
600760,C37,36.83,4.95,30.04,1.79,2020-05-29
600795,D44,--,0.67,17.02,1.24,2020-05-29
600809,C15,48.84,12.87,34.72,7.25,2020-05-29
600816,J69,--,1.96,17.79,1.31,2020-05-29
600837,J67,16.53,1.04,24.97,1.56,2020-05-29
600848,K70,34.53,3.08,8.07,1.15,2020-05-29
600867,C27,39.53,6.18,43.1,4.17,2020-05-29
600886,D44,9.88,1.22,17.02,1.24,2020-05-29
600887,C14,29.75,6.43,45.97,6.56,2020-05-29
600893,C37,46.66,1.88,30.04,1.79,2020-05-29
600900,D44,18.29,2.52,17.02,1.24,2020-05-29
600919,J66,4.53,0.5,5.89,0.63,2020-05-29
600926,J66,7.76,0.74,5.89,0.63,2020-05-29
600928,J66,8.13,0.91,5.89,0.63,2020-05-29
600958,J67,32.41,1.17,24.97,1.56,2020-05-29
600968,B11,21.1,1.24,28.95,1.49,2020-05-29
600977,R86,51.45,2.09,46.73,2.1,2020-05-29
600989,C26,17.64,2.7,23.35,2.06,2020-05-29
600998,F51,17.1,1.85,15.86,1.37,2020-05-29
600999,J67,15.99,1.27,24.97,1.56,2020-05-29
601006,G53,8.29,0.87,--,1.29,2020-05-29
601009,J66,6.14,0.87,5.89,0.63,2020-05-29
601012,C30,18.72,4.14,15.28,2.23,2020-05-29
601018,G55,13.87,1.08,13.23,1.1,2020-05-29
601021,G56,28.85,2.24,37.33,1.54,2020-05-29
601066,J67,41,4.17,24.97,1.56,2020-05-29
601088,B06,8.05,0.9,7.61,0.82,2020-05-29
601108,J67,21.29,1.65,24.97,1.56,2020-05-29
601111,G56,--,1.05,37.33,1.54,2020-05-29
601117,E48,9.24,0.77,7.31,0.73,2020-05-29
601138,C39,15.13,2.92,41.54,3.93,2020-05-29
601155,K70,5.55,1.83,8.07,1.15,2020-05-29
601162,J67,140.37,2.08,24.97,1.56,2020-05-29
601166,J66,4.98,0.59,5.89,0.63,2020-05-29
601169,J66,4.74,0.48,5.89,0.63,2020-05-29
601186,E48,6.09,0.55,7.31,0.73,2020-05-29
601198,J67,29.63,1.4,24.97,1.56,2020-05-29
601211,J67,18.89,1,24.97,1.56,2020-05-29
601212,C32,--,1.78,32.73,1.88,2020-05-29
601216,C26,8.73,1.07,23.35,2.06,2020-05-29
601225,B06,6.39,1.18,7.61,0.82,2020-05-29
601229,J66,5.61,0.63,5.89,0.63,2020-05-29
601236,J67,57.8,5.11,24.97,1.56,2020-05-29
601238,C36,23.92,1.18,20.65,1.51,2020-05-29
601288,J66,5.53,0.59,5.89,0.63,2020-05-29
601298,G55,9.74,1.18,13.23,1.1,2020-05-29
601318,J68,9.95,1.87,10.92,1.68,2020-05-29
601319,J68,11.65,1.46,10.92,1.68,2020-05-29
601328,J66,4.89,0.47,5.89,0.63,2020-05-29
601336,J68,8.62,1.56,10.92,1.68,2020-05-29
601360,I64,21.15,4.18,34.64,4.24,2020-05-29
601377,J67,36.81,1.1,24.97,1.56,2020-05-29
601390,E48,5.63,0.58,7.31,0.73,2020-05-29
601398,J66,5.8,0.66,5.89,0.63,2020-05-29
601555,J67,36.74,1.08,24.97,1.56,2020-05-29
601577,J66,5.07,0.63,5.89,0.63,2020-05-29
601600,C32,109.12,0.87,32.73,1.88,2020-05-29
601601,J68,8.36,1.38,10.92,1.68,2020-05-29
601607,F52,12.67,1.19,21.46,1.78,2020-05-29
601618,E48,7.7,0.55,7.31,0.73,2020-05-29
601628,J68,14.66,1.75,10.92,1.68,2020-05-29
601633,C36,23.73,1.36,20.65,1.51,2020-05-29
601668,E48,5.17,0.8,7.31,0.73,2020-05-29
601669,E48,7.5,0.48,7.31,0.73,2020-05-29
601688,J67,17.09,1.25,24.97,1.56,2020-05-29
601698,I63,173.89,6.5,41.83,1.42,2020-05-29
601727,C34,23.12,1.04,28.85,1.96,2020-05-29
601766,C37,15.57,1.23,30.04,1.79,2020-05-29
601788,J67,142.17,1.04,24.97,1.56,2020-05-29
601800,E48,6.7,0.54,7.31,0.73,2020-05-29
601808,B11,16.57,1.58,28.95,1.49,2020-05-29
601818,J66,5.2,0.5,5.89,0.63,2020-05-29
601828,L72,10.22,0.79,33.68,2.7,2020-05-29
601838,J66,5.05,0.78,5.89,0.63,2020-05-29
601857,B07,40.53,0.64,30.01,0.67,2020-05-29
601877,C38,15.35,2.26,25.9,3.02,2020-05-29
601878,J67,32.39,2.16,24.97,1.56,2020-05-29
601881,J67,18.23,1.37,24.97,1.56,2020-05-29
601888,L72,89.71,9.96,33.68,2.7,2020-05-29
601898,B06,10.62,0.51,7.61,0.82,2020-05-29
601899,B09,21.43,1.93,39.67,2.37,2020-05-29
601901,J67,71.32,1.47,24.97,1.56,2020-05-29
601919,G55,6.08,1.08,13.23,1.1,2020-05-29
601933,F52,44.44,4.11,21.46,1.78,2020-05-29
601939,J66,5.88,0.69,5.89,0.63,2020-05-29
601985,D44,14.72,1.23,17.02,1.24,2020-05-29
601988,J66,5.37,0.53,5.89,0.63,2020-05-29
601989,C37,1265.84,1.08,30.04,1.79,2020-05-29
601992,C30,9.87,0.55,15.28,2.23,2020-05-29
601997,J66,4.15,0.61,5.89,0.63,2020-05-29
601998,J66,4.99,0.46,5.89,0.63,2020-05-29
603019,C39,80.55,9.08,41.54,3.93,2020-05-29
603156,C15,11.92,2.21,34.72,7.25,2020-05-29
603160,C39,46.84,14.73,41.54,3.93,2020-05-29
603259,M73,99.36,9.91,104.38,8.52,2020-05-29
603260,C26,24.3,2.65,23.35,2.06,2020-05-29
603288,C14,67.84,20.46,45.97,6.56,2020-05-29
603501,C39,185.57,17.49,41.54,3.93,2020-05-29
603799,C32,130.13,4.31,32.73,1.88,2020-05-29
603833,C21,30.91,5.38,25.99,3.34,2020-05-29
603899,C24,49.69,11.57,39.19,4.53,2020-05-29
603986,C39,138,15.98,41.54,3.93,2020-05-29
603993,B09,37.25,1.81,39.67,2.37,2020-05-29
1,J66,8.61,0.72,5.89,0.63,2020-05-29
2,K70,7.45,1.54,8.07,1.15,2020-05-29
63,C39,31.68,4.03,41.54,3.93,2020-05-29
69,K70,4,0.71,8.07,1.15,2020-05-29
100,C39,31.43,2.32,41.54,3.93,2020-05-29
157,C35,11.41,1.25,38.13,3.78,2020-05-29
166,J67,19.13,1.27,24.97,1.56,2020-05-29
333,C38,18.17,3.9,25.9,3.02,2020-05-29
338,C36,12.06,2.18,20.65,1.51,2020-05-29
413,C39,--,0.52,41.54,3.93,2020-05-29
415,L71,19.81,0.5,--,--,2020-05-29
423,C27,--,2.39,43.1,4.17,2020-05-29
425,C35,14.47,1.36,38.13,3.78,2020-05-29
538,C27,24.42,2.88,43.1,4.17,2020-05-29
568,C15,25.84,5.93,34.72,7.25,2020-05-29
596,C15,38.66,7.87,34.72,7.25,2020-05-29
625,C36,586.71,1.06,20.65,1.51,2020-05-29
627,J68,13.2,1.14,10.92,1.68,2020-05-29
629,C32,22.63,1.77,32.73,1.88,2020-05-29
630,C32,31.45,1.09,32.73,1.88,2020-05-29
651,C38,16.64,3.03,25.9,3.02,2020-05-29
656,K70,7.06,1.39,8.07,1.15,2020-05-29
661,C27,73.54,15.62,43.1,4.17,2020-05-29
671,K70,6.34,0.96,8.07,1.15,2020-05-29
703,C28,9.42,1.4,13.75,2.1,2020-05-29
709,C31,8.82,0.38,10.69,0.85,2020-05-29
723,C25,49.08,3.16,27.76,1.22,2020-05-29
725,C39,90.06,1.3,41.54,3.93,2020-05-29
728,J67,34.5,1.06,24.97,1.56,2020-05-29
768,C37,83.06,2.87,30.04,1.79,2020-05-29
776,J67,15.01,1.08,24.97,1.56,2020-05-29
783,J67,26.05,1.22,24.97,1.56,2020-05-29
786,C30,267.49,2.8,15.28,2.23,2020-05-29
858,C15,30.88,7.02,34.72,7.25,2020-05-29
876,C13,19.68,4.14,25.36,4.13,2020-05-29
895,C13,23.14,7.31,25.36,4.13,2020-05-29
898,C31,13.92,0.44,10.69,0.85,2020-05-29
938,C39,45.49,2.75,41.54,3.93,2020-05-29
961,K70,6.79,1.32,8.07,1.15,2020-05-29
963,F52,12.98,2.94,21.46,1.78,2020-05-29
1979,K70,9.1,1.33,8.07,1.15,2020-05-29
2001,C27,21.24,3.06,43.1,4.17,2020-05-29
2007,C27,59.1,11.06,43.1,4.17,2020-05-29
2008,C35,55.13,3.64,38.13,3.78,2020-05-29
2010,L72,12.72,1.27,33.68,2.7,2020-05-29
2024,F52,8.92,0.94,21.46,1.78,2020-05-29
2027,L72,46.1,5.23,33.68,2.7,2020-05-29
2032,C33,32.48,8.04,27.58,2.1,2020-05-29
2044,Q83,--,6.86,98.33,10.32,2020-05-29
2050,C34,44.99,6.5,28.85,1.96,2020-05-29
2081,E50,10.21,1.37,21.62,1.65,2020-05-29
2120,G60,30.77,5.38,33.23,4.13,2020-05-29
2142,J66,10.74,1.45,5.89,0.63,2020-05-29
2146,K70,3.67,0.81,8.07,1.15,2020-05-29
2153,I65,95.17,3.68,61.63,4.92,2020-05-29
2179,C39,38.43,4.58,41.54,3.93,2020-05-29
2202,C34,13.96,1.27,28.85,1.96,2020-05-29
2230,I65,119.9,6.21,61.63,4.92,2020-05-29
2236,C39,14.01,2.79,41.54,3.93,2020-05-29
2241,C39,50.26,4.33,41.54,3.93,2020-05-29
2252,C27,42.66,2.21,43.1,4.17,2020-05-29
2271,C30,29.24,5.32,15.28,2.23,2020-05-29
2294,C27,38.34,3.2,43.1,4.17,2020-05-29
2304,C15,21.59,3.97,34.72,7.25,2020-05-29
2311,C13,41.8,7.74,25.36,4.13,2020-05-29
2352,G60,36.98,4.61,33.23,4.13,2020-05-29
2410,I65,278.59,19.1,61.63,4.92,2020-05-29
2411,C27,35.42,1.06,43.1,4.17,2020-05-29
2415,C39,20.74,5.53,41.54,3.93,2020-05-29
2422,C27,47.3,2.25,43.1,4.17,2020-05-29
2456,C39,42.12,3.98,41.54,3.93,2020-05-29
2460,C32,569.89,7.59,32.73,1.88,2020-05-29
2466,C32,--,4.83,32.73,1.88,2020-05-29
2468,G60,26.18,3.02,33.23,4.13,2020-05-29
2475,C39,46.86,11,41.54,3.93,2020-05-29
2493,C28,25.83,3.07,13.75,2.1,2020-05-29
2508,C38,21.31,4.54,25.9,3.02,2020-05-29
2555,I64,30.06,9.19,34.64,4.24,2020-05-29
2558,I64,39.15,4.07,34.64,4.24,2020-05-29
2594,C36,160.25,2.76,20.65,1.51,2020-05-29
2601,C26,11.05,2.14,23.35,2.06,2020-05-29
2602,I65,37.3,2.93,61.63,4.92,2020-05-29
2607,P82,99.92,87.13,95.58,18.62,2020-05-29
2624,I64,34.83,5.6,34.64,4.24,2020-05-29
2673,J67,98.92,1.56,24.97,1.56,2020-05-29
2714,A03,24.56,9.62,13.57,4.67,2020-05-29
2736,J67,19.68,1.53,24.97,1.56,2020-05-29
2739,R86,--,2.6,46.73,2.1,2020-05-29
2773,C27,45.55,6.25,43.1,4.17,2020-05-29
2841,C39,37.73,11.7,41.54,3.93,2020-05-29
2916,C39,54.23,13.57,41.54,3.93,2020-05-29
2938,C39,31.87,4.81,41.54,3.93,2020-05-29
2939,J67,33.97,2.1,24.97,1.56,2020-05-29
2945,J67,71.23,6.64,24.97,1.56,2020-05-29
2958,J66,8.11,0.93,5.89,0.63,2020-05-29
300003,C35,40.77,7.86,38.13,3.78,2020-05-29
300015,Q83,135.98,23.61,98.33,10.32,2020-05-29
300017,I65,1682.55,2.18,61.63,4.92,2020-05-29
300024,C34,75.17,3.1,28.85,1.96,2020-05-29
300033,I65,62.41,15.72,61.63,4.92,2020-05-29
300059,J67,49.13,4.95,24.97,1.56,2020-05-29
300070,N77,18.33,1.24,23.45,1.74,2020-05-29
300122,C27,56.32,21.41,43.1,4.17,2020-05-29
300124,C38,56.61,6.69,25.9,3.02,2020-05-29
300136,C39,44.91,7.9,41.54,3.93,2020-05-29
300142,C27,769.15,13.33,43.1,4.17,2020-05-29
300144,R87,46.88,4.97,61.95,5.99,2020-05-29
300347,Q83,66.86,14.07,98.33,10.32,2020-05-29
300408,C39,41.8,4.46,41.54,3.93,2020-05-29
300413,R87,77.46,10.19,61.95,5.99,2020-05-29
300433,C39,20.72,2.93,41.54,3.93,2020-05-29
300498,A03,8.6,2.99,13.57,4.67,2020-05-29
600006,C36,26.91,1.09,20.65,1.51,2020-05-29
600008,D46,17.76,0.8,16.1,1.13,2020-05-29
600017,G55,13.3,0.64,13.23,1.1,2020-05-29
600021,D44,23.01,1,17.02,1.24,2020-05-29
600022,C31,29.68,0.66,10.69,0.85,2020-05-29
600026,G55,48.9,0.91,13.23,1.1,2020-05-29
600037,I63,40.71,1.06,41.83,1.42,2020-05-29
600039,E48,8.93,0.92,7.31,0.73,2020-05-29
600053,J69,18.51,4.18,17.79,1.31,2020-05-29
600056,C27,17.16,1.55,43.1,4.17,2020-05-29
600058,F51,64.71,0.99,15.86,1.37,2020-05-29
600060,C39,30.85,1.23,41.54,3.93,2020-05-29
600062,C27,12.82,1.45,43.1,4.17,2020-05-29
600064,K70,7.24,0.92,8.07,1.15,2020-05-29
600073,C14,26.05,2.1,45.97,6.56,2020-05-29
600079,C27,39.78,3.16,43.1,4.17,2020-05-29
600094,K70,21.98,1.2,8.07,1.15,2020-05-29
600098,D44,19.55,0.89,17.02,1.24,2020-05-29
600120,J69,34.8,1.24,17.79,1.31,2020-05-29
600125,G53,15.11,1.17,--,1.29,2020-05-29
600126,C31,53.28,1.74,10.69,0.85,2020-05-29
600132,C15,49.33,20.55,34.72,7.25,2020-05-29
600138,L72,23.7,1.14,33.68,2.7,2020-05-29
600141,C26,65.8,1.13,23.35,2.06,2020-05-29
600143,C29,28.03,3.05,29.08,2.63,2020-05-29
600150,C37,43.82,1.81,30.04,1.79,2020-05-29
600155,J67,152.62,1.29,24.97,1.56,2020-05-29
600158,K70,102.61,4.03,8.07,1.15,2020-05-29
600160,C26,33.02,1.38,23.35,2.06,2020-05-29
600161,C27,65.82,9.89,43.1,4.17,2020-05-29
600166,C36,--,0.78,20.65,1.51,2020-05-29
600167,D44,20.17,4.08,17.02,1.24,2020-05-29
600171,C39,68.75,4.04,41.54,3.93,2020-05-29
600195,C27,40.62,2.85,43.1,4.17,2020-05-29
600201,C27,126.32,5.62,43.1,4.17,2020-05-29
600216,C27,43.45,1.94,43.1,4.17,2020-05-29
600256,B07,12.58,1.1,30.01,0.67,2020-05-29
600258,H61,57.46,1.94,--,1.91,2020-05-29
600259,B09,340.25,5.92,39.67,2.37,2020-05-29
600260,C39,19.85,2.13,41.54,3.93,2020-05-29
600266,K70,58.72,0.46,8.07,1.15,2020-05-29
600273,C26,10.54,1.65,23.35,2.06,2020-05-29
600277,C26,12.76,0.59,23.35,2.06,2020-05-29
600282,C31,5.39,0.7,10.69,0.85,2020-05-29
600291,J68,--,0.83,10.92,1.68,2020-05-29
600298,C14,36,6.73,45.97,6.56,2020-05-29
600307,C31,10.13,0.81,10.69,0.85,2020-05-29
600312,C38,45.29,1.13,25.9,3.02,2020-05-29
600315,C26,58.46,4.09,23.35,2.06,2020-05-29
600316,C37,85.76,2.02,30.04,1.79,2020-05-29
600317,G55,13.65,1.09,13.23,1.1,2020-05-29
600325,K70,4.94,0.66,8.07,1.15,2020-05-29
600329,C27,20.01,2.18,43.1,4.17,2020-05-29
600335,F51,20.12,0.68,15.86,1.37,2020-05-29
600338,B09,12.72,2.72,39.67,2.37,2020-05-29
600339,B11,39.62,0.55,28.95,1.49,2020-05-29
600348,B06,7.05,0.47,7.61,0.82,2020-05-29
600350,G54,12.39,0.82,16.04,1.04,2020-05-29
600373,R85,9.69,1.07,15.51,1.35,2020-05-29
600376,K70,5.83,0.53,8.07,1.15,2020-05-29
600380,C27,28.53,2.33,43.1,4.17,2020-05-29
600388,C35,11.53,1.61,38.13,3.78,2020-05-29
600392,C32,177.86,2.62,32.73,1.88,2020-05-29
600409,C26,31.87,0.8,23.35,2.06,2020-05-29
600410,I65,66.27,2.98,61.63,4.92,2020-05-29
600415,L72,14.22,1.42,33.68,2.7,2020-05-29
600418,C36,--,1.36,20.65,1.51,2020-05-29
600426,C26,12.84,1.96,23.35,2.06,2020-05-29
600428,G55,85.16,0.66,13.23,1.1,2020-05-29
600435,C39,351.59,5.35,41.54,3.93,2020-05-29
600446,I65,62.45,7.57,61.63,4.92,2020-05-29
600460,C39,--,5.51,41.54,3.93,2020-05-29
600466,K70,4.44,0.78,8.07,1.15,2020-05-29
600478,C38,--,2.57,25.9,3.02,2020-05-29
600486,C26,21.28,4.97,23.35,2.06,2020-05-29
600497,B09,30.01,1.18,39.67,2.37,2020-05-29
600499,C35,196.07,1.36,38.13,3.78,2020-05-29
600500,C26,59.76,1.06,23.35,2.06,2020-05-29
600507,C31,7.28,1.59,10.69,0.85,2020-05-29
600511,F51,15.17,2.18,15.86,1.37,2020-05-29
600515,K70,--,1,8.07,1.15,2020-05-29
600521,C27,54.09,6.07,43.1,4.17,2020-05-29
600528,C35,12.94,1.09,38.13,3.78,2020-05-29
600536,I65,10090.89,18.79,61.63,4.92,2020-05-29
600545,C35,22.28,1.94,38.13,3.78,2020-05-29
600549,C32,48.69,2.35,32.73,1.88,2020-05-29
600557,C27,16.5,1.95,43.1,4.17,2020-05-29
600563,C39,26.76,4.42,41.54,3.93,2020-05-29
600565,K70,5.09,0.73,8.07,1.15,2020-05-29
600567,C22,11.79,0.94,17.95,1.58,2020-05-29
600572,C27,--,2.93,43.1,4.17,2020-05-29
600575,G55,11.5,1,13.23,1.1,2020-05-29
600580,C38,18.37,2.15,25.9,3.02,2020-05-29
600582,C35,10.84,0.7,38.13,3.78,2020-05-29
600584,C39,173,3.61,41.54,3.93,2020-05-29
600597,C14,44.48,3.48,45.97,6.56,2020-05-29
600598,A01,27.85,3.78,43.97,3.1,2020-05-29
600623,C26,95.69,0.6,23.35,2.06,2020-05-29
600633,I64,26.86,1.47,34.64,4.24,2020-05-29
600639,K70,12.56,1.6,8.07,1.15,2020-05-29
600640,I64,228.56,2.92,34.64,4.24,2020-05-29
600642,D45,12.07,0.88,21.41,1.66,2020-05-29
600643,J69,9.3,1.13,17.79,1.31,2020-05-29
600645,M73,381.04,2.83,104.38,8.52,2020-05-29
600648,F51,39.6,1.46,15.86,1.37,2020-05-29
600649,K70,39.77,0.7,8.07,1.15,2020-05-29
600657,K70,3.92,0.49,8.07,1.15,2020-05-29
600664,C27,603.49,1.69,43.1,4.17,2020-05-29
600673,S90,19.87,2.73,21.67,1.56,2020-05-29
600694,F52,12.89,0.8,21.46,1.78,2020-05-29
600699,C36,33.78,1.95,20.65,1.51,2020-05-29
600704,F51,9.24,0.87,15.86,1.37,2020-05-29
600707,C39,--,0.7,41.54,3.93,2020-05-29
600717,G55,19.07,0.66,13.23,1.1,2020-05-29
600718,I65,--,1.6,61.63,4.92,2020-05-29
600728,I65,36.36,3.13,61.63,4.92,2020-05-29
600729,F52,18.49,1.96,21.46,1.78,2020-05-29
600737,C13,32.45,2.1,25.36,4.13,2020-05-29
600739,F51,34.36,1.15,15.86,1.37,2020-05-29
600745,C39,66.24,5.07,41.54,3.93,2020-05-29
600748,K70,12.01,0.81,8.07,1.15,2020-05-29
600751,F51,13.68,0.63,15.86,1.37,2020-05-29
600754,H61,26.99,1.96,--,1.91,2020-05-29
600755,F51,5.6,0.45,15.86,1.37,2020-05-29
600757,R85,9.67,0.87,15.51,1.35,2020-05-29
600759,B07,296.74,0.81,30.01,0.67,2020-05-29
600763,Q83,130.04,25.76,98.33,10.32,2020-05-29
600765,C34,31.1,1.45,28.85,1.96,2020-05-29
600770,S90,101.25,1.9,21.67,1.56,2020-05-29
600776,C39,155.1,6,41.54,3.93,2020-05-29
600777,S90,5.54,0.63,21.67,1.56,2020-05-29
600779,C15,30.82,10.69,34.72,7.25,2020-05-29
600782,C31,4.09,0.59,10.69,0.85,2020-05-29
600787,G59,33.34,0.86,32.08,1.44,2020-05-29
600801,C30,9.16,2.42,15.28,2.23,2020-05-29
600804,I64,--,12.72,34.64,4.24,2020-05-29
600808,C31,14.19,0.74,10.69,0.85,2020-05-29
600811,F51,22.45,0.67,15.86,1.37,2020-05-29
600820,E48,9.94,0.89,7.31,0.73,2020-05-29
600823,K70,6.76,0.63,8.07,1.15,2020-05-29
600827,F52,26.57,0.99,21.46,1.78,2020-05-29
600835,C34,16.31,1.34,28.85,1.96,2020-05-29
600839,C39,--,0.95,41.54,3.93,2020-05-29
600845,I65,68.98,9.96,61.63,4.92,2020-05-29
600859,F52,52.43,1.67,21.46,1.78,2020-05-29
600862,C37,35.7,5.1,30.04,1.79,2020-05-29
600863,D44,14.03,1.05,17.02,1.24,2020-05-29
600869,C38,--,1.84,25.9,3.02,2020-05-29
600874,D46,17.65,1.52,16.1,1.13,2020-05-29
600875,C34,20.72,0.91,28.85,1.96,2020-05-29
600879,C35,43.09,1.42,38.13,3.78,2020-05-29
600881,C30,--,0.65,15.28,2.23,2020-05-29
600884,C38,85.45,1.16,25.9,3.02,2020-05-29
600885,C38,36.55,4.97,25.9,3.02,2020-05-29
600895,K70,33.99,2.51,8.07,1.15,2020-05-29
600901,J66,9.51,1.3,5.89,0.63,2020-05-29
600903,D45,67.89,4.25,21.41,1.66,2020-05-29
600908,J66,7.2,0.77,5.89,0.63,2020-05-29
600909,J67,27.11,1.83,24.97,1.56,2020-05-29
600917,D45,30.86,2.64,21.41,1.66,2020-05-29
600939,E47,17.01,0.79,--,--,2020-05-29
600959,I63,71.57,0.84,41.83,1.42,2020-05-29
600967,C37,28.63,1.78,30.04,1.79,2020-05-29
600970,E48,6.42,0.95,7.31,0.73,2020-05-29
600985,B06,5.46,0.96,7.61,0.82,2020-05-29
600996,I63,132.87,1.78,41.83,1.42,2020-05-29
601000,G55,7.43,0.75,13.23,1.1,2020-05-29
601001,B06,6.8,0.95,7.61,0.82,2020-05-29
601003,C31,5.25,0.97,10.69,0.85,2020-05-29
601005,C31,14.76,0.6,10.69,0.85,2020-05-29
601016,D44,14.64,1.2,17.02,1.24,2020-05-29
601019,R85,9.16,1.24,15.51,1.35,2020-05-29
601068,E48,--,1.12,7.31,0.73,2020-05-29
601098,R85,16.22,1.38,15.51,1.35,2020-05-29
601099,J67,103.32,2.04,24.97,1.56,2020-05-29
601100,C35,49.27,10.94,38.13,3.78,2020-05-29
601106,C35,135.4,1.7,38.13,3.78,2020-05-29
601118,A01,--,2.51,43.97,3.1,2020-05-29
601127,C36,152.52,1.6,20.65,1.51,2020-05-29
601128,J66,10.74,1.13,5.89,0.63,2020-05-29
601139,D45,19.18,1.77,21.41,1.66,2020-05-29
601168,B09,15.8,1.31,39.67,2.37,2020-05-29
601179,C38,72.29,1.31,25.9,3.02,2020-05-29
601200,N77,17.65,1.57,23.45,1.74,2020-05-29
601228,G55,22.75,1.39,13.23,1.1,2020-05-29
601231,C39,30.72,3.59,41.54,3.93,2020-05-29
601233,C28,8.1,1.14,13.75,2.1,2020-05-29
601326,G55,13.9,1,13.23,1.1,2020-05-29
601333,G53,--,0.54,--,1.29,2020-05-29
601598,G58,9.88,0.85,16.89,1.56,2020-05-29
601608,C35,119.86,2.07,38.13,3.78,2020-05-29
601611,E48,14.13,1.03,7.31,0.73,2020-05-29
601615,C34,20.17,2.28,28.85,1.96,2020-05-29
601678,C26,20.34,1.09,23.35,2.06,2020-05-29
601689,C36,55.3,3.37,20.65,1.51,2020-05-29
601699,B06,7.53,0.64,7.61,0.82,2020-05-29
601717,C35,8.34,0.71,38.13,3.78,2020-05-29
601718,C18,198.09,0.8,16.64,1.58,2020-05-29
601799,C36,38.61,5.96,20.65,1.51,2020-05-29
601801,R85,20.39,0.94,15.51,1.35,2020-05-29
601811,R85,12.04,1.42,15.51,1.35,2020-05-29
601860,J66,9.83,1,5.89,0.63,2020-05-29
601865,C30,30.84,5.37,15.28,2.23,2020-05-29
601866,G55,14.39,0.88,13.23,1.1,2020-05-29
601869,C39,41.68,2.57,41.54,3.93,2020-05-29
601872,G55,15.36,1.51,13.23,1.1,2020-05-29
601880,G55,26.68,1.15,13.23,1.1,2020-05-29
601928,R85,13.29,1.2,15.51,1.35,2020-05-29
601958,B09,34.39,1.48,39.67,2.37,2020-05-29
601966,C29,12.99,1.99,29.08,2.63,2020-05-29
601969,B08,107.91,2.72,27.32,2.21,2020-05-29
601975,G55,8.24,2.23,13.23,1.1,2020-05-29
603000,I64,63.09,6.7,34.64,4.24,2020-05-29
603025,C39,29.77,4.08,41.54,3.93,2020-05-29
603056,G60,46.24,3.27,33.23,4.13,2020-05-29
603077,C26,31.06,1.03,23.35,2.06,2020-05-29
603198,C15,19.91,3.24,34.72,7.25,2020-05-29
603225,C28,11.78,1.15,13.75,2.1,2020-05-29
603228,C39,31,4.8,41.54,3.93,2020-05-29
603233,F52,55.57,9.36,21.46,1.78,2020-05-29
603256,C30,110.52,6.85,15.28,2.23,2020-05-29
603317,C14,98.95,15.07,45.97,6.56,2020-05-29
603328,C39,19.81,2.66,41.54,3.93,2020-05-29
603338,C35,44.94,9.64,38.13,3.78,2020-05-29
603355,C38,18.41,2.83,25.9,3.02,2020-05-29
603377,P82,57.22,5.68,95.58,18.62,2020-05-29
603379,C26,25.22,2.64,23.35,2.06,2020-05-29
603444,I64,31.63,8.54,34.64,4.24,2020-05-29
603486,C38,171.92,6.21,25.9,3.02,2020-05-29
603515,C38,24.87,4.11,25.9,3.02,2020-05-29
603517,C13,61.63,9.08,25.36,4.13,2020-05-29
603556,C40,14.8,1.36,28.74,2.76,2020-05-29
603568,N77,29.81,6.1,23.45,1.74,2020-05-29
603650,C26,34.55,4.34,23.35,2.06,2020-05-29
603659,C38,61.57,10.5,25.9,3.02,2020-05-29
603707,C27,68.01,14.14,43.1,4.17,2020-05-29
603712,C39,63.8,8.6,41.54,3.93,2020-05-29
603766,C37,13.44,1.01,30.04,1.79,2020-05-29
603806,C29,30.81,4.15,29.08,2.63,2020-05-29
603816,C21,24.07,4.63,25.99,3.34,2020-05-29
603858,C27,13.49,1.9,43.1,4.17,2020-05-29
603866,C14,43.74,8.41,45.97,6.56,2020-05-29
603868,C38,29.21,6.9,25.9,3.02,2020-05-29
603877,C18,15.06,2.03,16.64,1.58,2020-05-29
603882,Q83,78.71,13.92,98.33,10.32,2020-05-29
603883,F52,45.27,6.69,21.46,1.78,2020-05-29
603885,G56,174.93,1.75,37.33,1.54,2020-05-29
603888,I64,60.06,3.98,34.64,4.24,2020-05-29
603939,F52,71.17,8.87,21.46,1.78,2020-05-29
603983,C26,65.44,12.43,23.35,2.06,2020-05-29
6,K70,7.94,0.95,8.07,1.15,2020-05-29
8,C37,26.44,1.13,30.04,1.79,2020-05-29
9,S90,64.66,3.2,21.67,1.56,2020-05-29
12,C30,27.48,1.47,15.28,2.23,2020-05-29
21,C39,100.41,4.76,41.54,3.93,2020-05-29
25,F51,36.78,5.96,15.86,1.37,2020-05-29
27,D44,14.13,0.73,17.02,1.24,2020-05-29
28,F51,14.15,1.32,15.86,1.37,2020-05-29
31,K70,15.32,1.09,8.07,1.15,2020-05-29
39,C33,50.84,0.65,27.58,2.1,2020-05-29
50,C39,32.99,1.03,41.54,3.93,2020-05-29
60,C32,17.27,1.16,32.73,1.88,2020-05-29
61,L72,41.59,2.44,33.68,2.7,2020-05-29
62,F51,20,2.35,15.86,1.37,2020-05-29
66,C39,51.45,5.01,41.54,3.93,2020-05-29
78,F52,55.83,1.66,21.46,1.78,2020-05-29
89,G56,54.62,1.37,37.33,1.54,2020-05-29
90,E48,5.11,1.05,7.31,0.73,2020-05-29
156,R86,28.22,1.42,46.73,2.1,2020-05-29
158,I65,875.69,2.53,61.63,4.92,2020-05-29
301,C28,14.26,1.41,13.75,2.1,2020-05-29
400,C38,29.27,1.57,25.9,3.02,2020-05-29
401,C30,9.85,1.56,15.28,2.23,2020-05-29
402,K70,6.6,0.57,8.07,1.15,2020-05-29
426,B09,222.95,2.17,39.67,2.37,2020-05-29
488,C22,7.67,0.56,17.95,1.58,2020-05-29
501,F52,13.71,1.04,21.46,1.78,2020-05-29
513,C27,28.44,3.21,43.1,4.17,2020-05-29
519,C35,62.25,1.54,38.13,3.78,2020-05-29
528,C35,10.7,0.9,38.13,3.78,2020-05-29
536,C39,--,0.87,41.54,3.93,2020-05-29
537,K70,3.88,0.85,8.07,1.15,2020-05-29
543,D44,11.38,0.64,17.02,1.24,2020-05-29
547,C39,33.65,2.97,41.54,3.93,2020-05-29
553,C26,--,1,23.35,2.06,2020-05-29
559,C36,32.21,2.47,20.65,1.51,2020-05-29
563,J69,24.65,1.22,17.79,1.31,2020-05-29
564,F52,--,0.8,21.46,1.78,2020-05-29
581,C36,9.32,1.15,20.65,1.51,2020-05-29
598,D46,12.89,1.21,16.1,1.13,2020-05-29
600,D44,11.94,0.73,17.02,1.24,2020-05-29
623,C27,16.23,0.78,43.1,4.17,2020-05-29
636,C39,71.33,3.83,41.54,3.93,2020-05-29
681,R87,75.32,4.62,61.95,5.99,2020-05-29
685,D46,11.74,0.83,16.1,1.13,2020-05-29
686,J67,24.22,1.18,24.97,1.56,2020-05-29
690,D44,13.7,1.09,17.02,1.24,2020-05-29
712,J67,400.59,3.23,24.97,1.56,2020-05-29
717,C31,4.98,1.06,10.69,0.85,2020-05-29
718,K70,6.96,1.07,8.07,1.15,2020-05-29
727,C39,--,1.79,41.54,3.93,2020-05-29
729,C15,--,1.4,34.72,7.25,2020-05-29
732,K70,--,0.53,8.07,1.15,2020-05-29
738,C37,49.62,2.65,30.04,1.79,2020-05-29
750,J67,42.31,1.24,24.97,1.56,2020-05-29
758,B09,--,1.9,39.67,2.37,2020-05-29
761,C31,27.51,0.65,10.69,0.85,2020-05-29
766,C27,--,1.84,43.1,4.17,2020-05-29
778,C33,8.57,0.61,27.58,2.1,2020-05-29
807,C32,20.15,1.14,32.73,1.88,2020-05-29
813,C27,37.96,2.05,43.1,4.17,2020-05-29
825,C31,9.74,0.58,10.69,0.85,2020-05-29
826,N77,38.84,0.69,23.45,1.74,2020-05-29
830,C26,7.7,0.92,23.35,2.06,2020-05-29
848,C15,18.52,3.61,34.72,7.25,2020-05-29
869,C15,21.89,1.88,34.72,7.25,2020-05-29
877,C30,9.01,1.35,15.28,2.23,2020-05-29
878,C32,25.97,1.83,32.73,1.88,2020-05-29
883,D44,14.85,0.83,17.02,1.24,2020-05-29
887,C29,20.38,1.05,29.08,2.63,2020-05-29
930,C26,20.05,1.28,23.35,2.06,2020-05-29
932,C31,6.07,0.79,10.69,0.85,2020-05-29
937,B06,11.47,0.51,7.61,0.82,2020-05-29
959,C31,13.5,0.59,10.69,0.85,2020-05-29
960,C32,19.65,1.1,32.73,1.88,2020-05-29
967,N77,20.37,1.64,23.45,1.74,2020-05-29
970,C39,65.11,2.4,41.54,3.93,2020-05-29
975,B09,32.76,3.4,39.67,2.37,2020-05-29
980,C36,--,0.5,20.65,1.51,2020-05-29
983,B06,9.13,0.71,7.61,0.82,2020-05-29
987,J67,7.24,1.43,24.97,1.56,2020-05-29
988,C39,49.96,3.19,41.54,3.93,2020-05-29
990,C26,70.52,0.88,23.35,2.06,2020-05-29
997,I65,30.97,2.82,61.63,4.92,2020-05-29
998,A01,--,3.47,43.97,3.1,2020-05-29
999,C27,17.92,2.02,43.1,4.17,2020-05-29
1872,G55,11.87,0.75,13.23,1.1,2020-05-29
2002,C26,15.35,1.3,23.35,2.06,2020-05-29
2004,C26,16.71,1.05,23.35,2.06,2020-05-29
2013,C37,29.92,2.96,30.04,1.79,2020-05-29
2019,C27,22.57,3.1,43.1,4.17,2020-05-29
2028,C38,21.4,2.61,25.9,3.02,2020-05-29
2030,C27,69.14,8.53,43.1,4.17,2020-05-29
2038,C27,33.23,2.35,43.1,4.17,2020-05-29
2048,C36,10.12,1.02,20.65,1.51,2020-05-29
2049,C39,79.07,9.55,41.54,3.93,2020-05-29
2051,E48,12.26,0.84,7.31,0.73,2020-05-29
2056,C38,26.59,3.3,25.9,3.02,2020-05-29
2064,C28,14.29,2.52,13.75,2.1,2020-05-29
2065,I65,57.23,3.47,61.63,4.92,2020-05-29
2074,C38,--,3.77,25.9,3.02,2020-05-29
2075,C31,56.59,5.89,10.69,0.85,2020-05-29
2078,C22,9.44,1.45,17.95,1.58,2020-05-29
2085,C36,21.1,2.32,20.65,1.51,2020-05-29
2092,C26,56.78,0.5,23.35,2.06,2020-05-29
2093,I65,100.08,2.54,61.63,4.92,2020-05-29
2110,C31,5.15,0.86,10.69,0.85,2020-05-29
2118,C27,--,1.18,43.1,4.17,2020-05-29
2127,L72,38.16,9.27,33.68,2.7,2020-05-29
2128,B06,5.44,0.9,7.61,0.82,2020-05-29
2129,C38,50.48,3.41,25.9,3.02,2020-05-29
2131,I64,102.47,3.33,34.64,4.24,2020-05-29
2152,C34,38.86,3.01,28.85,1.96,2020-05-29
2155,B09,127.24,1.93,39.67,2.37,2020-05-29
2174,I64,38.08,3.26,34.64,4.24,2020-05-29
2176,C38,--,1.52,25.9,3.02,2020-05-29
2180,C39,42.77,4.86,41.54,3.93,2020-05-29
2183,L72,133.39,1.58,33.68,2.7,2020-05-29
2191,C23,15.31,1.79,26.56,2.64,2020-05-29
2195,I65,39.16,1.6,61.63,4.92,2020-05-29
2203,C32,18.33,1.8,32.73,1.88,2020-05-29
2212,C38,90.08,3.45,25.9,3.02,2020-05-29
2217,C39,15.68,1.23,41.54,3.93,2020-05-29
2221,F51,14.72,1.56,15.86,1.37,2020-05-29
2223,C35,35.11,4.83,38.13,3.78,2020-05-29
2233,C30,8.91,1.44,15.28,2.23,2020-05-29
2242,C38,30.76,6.36,25.9,3.02,2020-05-29
2244,K70,8.58,0.77,8.07,1.15,2020-05-29
2249,C38,82.47,1.13,25.9,3.02,2020-05-29
2250,C26,--,2.65,23.35,2.06,2020-05-29
2266,C38,42.35,2.1,25.9,3.02,2020-05-29
2268,I65,174.57,3.9,61.63,4.92,2020-05-29
2273,C39,34.47,3.29,41.54,3.93,2020-05-29
2280,I65,--,1.78,61.63,4.92,2020-05-29
2281,C39,64.24,4.1,41.54,3.93,2020-05-29
2285,K70,--,1.06,8.07,1.15,2020-05-29
2302,C30,20.99,1.77,15.28,2.23,2020-05-29
2317,C27,39.48,2.34,43.1,4.17,2020-05-29
2340,C42,31.13,1.98,26.2,2.22,2020-05-29
2353,C35,16.56,2.48,38.13,3.78,2020-05-29
2358,C38,--,1.07,25.9,3.02,2020-05-29
2366,C35,--,1.56,38.13,3.78,2020-05-29
2368,I65,49.58,5.02,61.63,4.92,2020-05-29
2371,C35,238.46,12.79,38.13,3.78,2020-05-29
2372,C29,20.03,4.74,29.08,2.63,2020-05-29
2373,I65,33.85,3.62,61.63,4.92,2020-05-29
2375,E50,32.61,1.61,21.62,1.65,2020-05-29
2382,C35,42.76,2.66,38.13,3.78,2020-05-29
2384,C39,52.68,4.28,41.54,3.93,2020-05-29
2385,C13,34.05,3.29,25.36,4.13,2020-05-29
2387,C39,90.45,1.19,41.54,3.93,2020-05-29
2390,C27,45.74,1.56,43.1,4.17,2020-05-29
2399,C27,32.77,3.46,43.1,4.17,2020-05-29
2407,C26,--,2.51,23.35,2.06,2020-05-29
2408,C26,16.52,1.34,23.35,2.06,2020-05-29
2414,C39,115.31,11.66,41.54,3.93,2020-05-29
2416,F51,23.4,1.75,15.86,1.37,2020-05-29
2419,F52,23.09,1.66,21.46,1.78,2020-05-29
2423,J69,36.79,1.17,17.79,1.31,2020-05-29
2424,C27,53.18,2.81,43.1,4.17,2020-05-29
2426,C39,--,1.16,41.54,3.93,2020-05-29
2434,C36,28.31,1.83,20.65,1.51,2020-05-29
2437,C27,--,3.21,43.1,4.17,2020-05-29
2439,I64,56.37,7.11,34.64,4.24,2020-05-29
2440,C26,7.64,1.14,23.35,2.06,2020-05-29
2444,C33,12.43,1.5,27.58,2.1,2020-05-29
2463,C39,32.14,7.54,41.54,3.93,2020-05-29
2465,C39,53.03,2.86,41.54,3.93,2020-05-29
2470,C26,--,0.73,23.35,2.06,2020-05-29
2482,E50,6489.44,0.74,21.62,1.65,2020-05-29
2491,C38,--,2.24,25.9,3.02,2020-05-29
2500,J67,41.59,1.52,24.97,1.56,2020-05-29
2503,C18,310.16,1.51,16.64,1.58,2020-05-29
2505,F51,246.94,3.51,15.86,1.37,2020-05-29
2507,C14,46.4,9.4,45.97,6.56,2020-05-29
2544,I65,--,3.63,61.63,4.92,2020-05-29
2572,C21,24.72,4.35,25.99,3.34,2020-05-29
2573,N77,16.77,1.19,23.45,1.74,2020-05-29
2583,C39,26.69,1.85,41.54,3.93,2020-05-29
2589,F51,--,1.1,15.86,1.37,2020-05-29
2603,C27,43.53,3.93,43.1,4.17,2020-05-29
2625,C36,118.36,2.07,20.65,1.51,2020-05-29
2635,C39,--,2.14,41.54,3.93,2020-05-29
2640,F52,--,1.66,21.46,1.78,2020-05-29
2653,C27,42.48,9.74,43.1,4.17,2020-05-29
2665,C38,123.21,0.98,25.9,3.02,2020-05-29
2670,J67,--,1.45,24.97,1.56,2020-05-29
2672,C42,22.88,1.93,26.2,2.22,2020-05-29
2681,C39,--,2.65,41.54,3.93,2020-05-29
2690,C35,57.57,12.4,38.13,3.78,2020-05-29
2701,C33,19.15,1.62,27.58,2.1,2020-05-29
2709,C26,525.13,5.43,23.35,2.06,2020-05-29
2745,C39,40.07,1.68,41.54,3.93,2020-05-29
2797,J67,51.77,2.58,24.97,1.56,2020-05-29
2807,J66,8.47,0.73,5.89,0.63,2020-05-29
2812,C29,61.56,10.04,29.08,2.63,2020-05-29
2815,C39,29.7,3.92,41.54,3.93,2020-05-29
2818,L72,11.2,1.71,33.68,2.7,2020-05-29
2821,C27,88.31,15.94,43.1,4.17,2020-05-29
2831,C22,22.09,3.54,17.95,1.58,2020-05-29
2839,J66,9.64,0.86,5.89,0.63,2020-05-29
2867,F52,16.56,3.09,21.46,1.78,2020-05-29
2920,C36,94.47,6.73,20.65,1.51,2020-05-29
2925,C39,22.19,5.07,41.54,3.93,2020-05-29
2926,J67,19.55,1.3,24.97,1.56,2020-05-29
2936,J66,6.79,0.57,5.89,0.63,2020-05-29
2941,E48,50.94,3.99,7.31,0.73,2020-05-29
2946,C14,81.14,9.23,45.97,6.56,2020-05-29
2948,J66,9.51,0.72,5.89,0.63,2020-05-29
2957,C35,50.92,4.13,38.13,3.78,2020-05-29
300001,C38,120.68,4.53,25.9,3.02,2020-05-29
300002,I65,--,3.14,61.63,4.92,2020-05-29
300009,C27,144.94,7.47,43.1,4.17,2020-05-29
300010,I65,--,4.82,61.63,4.92,2020-05-29
300012,M74,67.78,9.42,35.91,3.28,2020-05-29
300014,C38,39.97,8.06,25.9,3.02,2020-05-29
300026,C27,45.46,2.22,43.1,4.17,2020-05-29
300027,R86,--,2.61,46.73,2.1,2020-05-29
300058,L72,25.24,2.03,33.68,2.7,2020-05-29
300072,C26,185.49,0.9,23.35,2.06,2020-05-29
300088,C39,25.42,3.37,41.54,3.93,2020-05-29
300113,I64,--,5.17,34.64,4.24,2020-05-29
300115,C39,130.49,3.71,41.54,3.93,2020-05-29
300133,R86,--,2.25,46.73,2.1,2020-05-29
300134,C39,--,2.05,41.54,3.93,2020-05-29
300159,C37,--,1.46,30.04,1.79,2020-05-29
300166,I65,29.55,2.67,61.63,4.92,2020-05-29
300168,I65,--,8.88,61.63,4.92,2020-05-29
300180,C29,136.41,2.77,29.08,2.63,2020-05-29
300182,R86,--,1.47,46.73,2.1,2020-05-29
300197,N77,--,0.96,23.45,1.74,2020-05-29
300199,C27,--,2.36,43.1,4.17,2020-05-29
300207,C38,43.38,3.89,25.9,3.02,2020-05-29
300244,Q83,55.13,3.89,98.33,10.32,2020-05-29
300251,R86,38.6,3.82,46.73,2.1,2020-05-29
300253,I65,108.47,10.1,61.63,4.92,2020-05-29
300257,C34,60.31,2.51,28.85,1.96,2020-05-29
300274,C38,18.61,1.88,25.9,3.02,2020-05-29
300285,C26,45.68,6.01,23.35,2.06,2020-05-29
300296,C39,38.35,1.72,41.54,3.93,2020-05-29
300297,I65,--,1.17,61.63,4.92,2020-05-29
300308,C39,71.6,5.73,41.54,3.93,2020-05-29
300315,I64,62.18,3.02,34.64,4.24,2020-05-29
300316,C35,42.6,5.86,38.13,3.78,2020-05-29
300324,I65,81.85,2.08,61.63,4.92,2020-05-29
300376,C38,28.33,2.04,25.9,3.02,2020-05-29
300383,I65,45.18,4.48,61.63,4.92,2020-05-29
300418,I64,17.91,4.68,34.64,4.24,2020-05-29
300459,I64,--,2.11,34.64,4.24,2020-05-29
300529,C35,80.31,21.54,38.13,3.78,2020-05-29
2003,C18,13.34,1.61,16.64,1.58,2020-05-29
2005,C38,10.82,1.17,25.9,3.02,2020-05-29
2006,C35,--,2.38,38.13,3.78,2020-05-29
2009,C34,96.57,1.38,28.85,1.96,2020-05-29
2011,C34,56.46,1.49,28.85,1.96,2020-05-29
2012,C22,48.43,2.07,17.95,1.58,2020-05-29
2014,C29,16.4,2.56,29.08,2.63,2020-05-29
2015,D44,14.11,1.54,17.02,1.24,2020-05-29
2016,K70,6.36,1.56,8.07,1.15,2020-05-29
2017,C39,143.48,3.7,41.54,3.93,2020-05-29
2020,C27,15.91,2.07,43.1,4.17,2020-05-29
2021,C35,222.93,1.92,38.13,3.78,2020-05-29
2022,C27,38.98,3.28,43.1,4.17,2020-05-29
2023,C37,--,3.27,30.04,1.79,2020-05-29
2025,C39,30.05,3.84,41.54,3.93,2020-05-29
2026,C33,--,0.88,27.58,2.1,2020-05-29
2029,C18,17.37,0.62,16.64,1.58,2020-05-29
2031,C35,201.1,1.34,38.13,3.78,2020-05-29
2033,N78,21.99,1.27,44.28,2.45,2020-05-29
2034,N77,17.08,1.77,23.45,1.74,2020-05-29
2035,C38,14.96,3.29,25.9,3.02,2020-05-29
2036,C39,39.95,4.22,41.54,3.93,2020-05-29
2037,C26,47.22,0.92,23.35,2.06,2020-05-29
2039,D44,13.76,1.6,17.02,1.24,2020-05-29
2040,G55,23.8,1.12,13.23,1.1,2020-05-29
2041,A01,156.47,3.84,43.97,3.1,2020-05-29
2042,C17,42.52,1.37,20.5,1.54,2020-05-29
2043,C20,28.2,4.77,26.36,1.78,2020-05-29
2045,C39,11.74,2.19,41.54,3.93,2020-05-29
2046,C34,--,2.37,28.85,1.96,2020-05-29
2047,E50,46.19,1.59,21.62,1.65,2020-05-29
2052,C39,--,2.48,41.54,3.93,2020-05-29
2053,C14,21.52,1.28,45.97,6.56,2020-05-29
2054,C26,24.15,1.47,23.35,2.06,2020-05-29
2055,C39,--,3.36,41.54,3.93,2020-05-29
2057,C26,44.92,3.28,23.35,2.06,2020-05-29
2058,C40,--,15.28,28.74,2.76,2020-05-29
2059,N78,148.56,2.02,44.28,2.45,2020-05-29
2060,E48,14.73,1.07,7.31,0.73,2020-05-29
2061,E48,10.64,0.94,7.31,0.73,2020-05-29
2062,E48,14.22,1.51,7.31,0.73,2020-05-29
2063,I65,43.81,4,61.63,4.92,2020-05-29
2066,C30,231.03,4.68,15.28,2.23,2020-05-29
2067,C22,21.02,0.75,17.95,1.58,2020-05-29
2068,C26,--,1,23.35,2.06,2020-05-29
2069,A04,--,262.21,--,1.51,2020-05-29
2071,R86,--,--,46.73,2.1,2020-05-29
2072,I64,62.31,35.25,34.64,4.24,2020-05-29
2073,C35,166.42,0.88,38.13,3.78,2020-05-29
2076,C38,--,--,25.9,3.02,2020-05-29
2077,K70,--,1.02,8.07,1.15,2020-05-29
2079,C39,78.85,4.19,41.54,3.93,2020-05-29
2080,C30,14.1,1.67,15.28,2.23,2020-05-29
2082,C32,23.17,2.27,32.73,1.88,2020-05-29
2083,C17,12.8,1.15,20.5,1.54,2020-05-29
2084,C33,41.96,2.78,27.58,2.1,2020-05-29
2086,A04,--,0.69,--,1.51,2020-05-29
2087,C17,10.69,0.68,20.5,1.54,2020-05-29
2088,C30,10.36,1.42,15.28,2.23,2020-05-29
2089,C39,22.78,2.11,41.54,3.93,2020-05-29
2090,C38,46.14,2.67,25.9,3.02,2020-05-29
2091,F51,10.12,1.04,15.86,1.37,2020-05-29
2094,C26,--,0.96,23.35,2.06,2020-05-29
2095,I64,151.35,5.27,34.64,4.24,2020-05-29
2096,C26,146.69,1.1,23.35,2.06,2020-05-29
2097,C35,14.08,1.31,38.13,3.78,2020-05-29
2098,C41,37.65,3.22,34.4,2.18,2020-05-29
2099,C27,16.23,2.04,43.1,4.17,2020-05-29
2100,C13,16.55,3.18,25.36,4.13,2020-05-29
2101,C36,--,0.84,20.65,1.51,2020-05-29
2102,C27,7.7,1.45,43.1,4.17,2020-05-29
2103,L72,--,3.15,33.68,2.7,2020-05-29
2104,C39,112.2,2.92,41.54,3.93,2020-05-29
2105,C37,43.04,3.39,30.04,1.79,2020-05-29
2106,C39,23.3,1.93,41.54,3.93,2020-05-29
2107,C27,40.46,7.14,43.1,4.17,2020-05-29
2108,C29,29.83,1.5,29.08,2.63,2020-05-29
2109,C26,31.45,0.83,23.35,2.06,2020-05-29
2111,C35,16.47,1.81,38.13,3.78,2020-05-29
2112,C38,128.83,3.46,25.9,3.02,2020-05-29
2113,I64,--,11.08,34.64,4.24,2020-05-29
2114,C32,--,1.37,32.73,1.88,2020-05-29
2115,C39,70.56,2.56,41.54,3.93,2020-05-29
2116,M74,81.08,2.07,35.91,3.28,2020-05-29
2117,C23,24.45,3.4,26.56,2.64,2020-05-29
2119,C39,64.66,5.56,41.54,3.93,2020-05-29
2121,C40,--,3.28,28.74,2.76,2020-05-29
2122,C34,--,0.94,28.85,1.96,2020-05-29
2123,I65,--,2.87,61.63,4.92,2020-05-29
2124,C13,13.16,3.57,25.36,4.13,2020-05-29
2125,C26,88.79,4.06,23.35,2.06,2020-05-29
2126,C36,28.97,2.29,20.65,1.51,2020-05-29
2130,C39,26.02,1.98,41.54,3.93,2020-05-29
2132,C33,44.47,1.23,27.58,2.1,2020-05-29
2133,K70,9.55,0.7,8.07,1.15,2020-05-29
2134,C39,187.28,6.2,41.54,3.93,2020-05-29
2135,E48,27.13,1.75,7.31,0.73,2020-05-29
2136,C26,37.49,2.53,23.35,2.06,2020-05-29
2137,C39,79.89,2.98,41.54,3.93,2020-05-29
2138,C39,46.53,4.25,41.54,3.93,2020-05-29
2139,C38,15.89,2.12,25.9,3.02,2020-05-29
2140,E48,20.41,1.59,7.31,0.73,2020-05-29
2141,C38,597.23,2.45,25.9,3.02,2020-05-29
2144,C17,21.04,0.93,20.5,1.54,2020-05-29
2145,C26,14.57,2.05,23.35,2.06,2020-05-29
2147,K70,--,1.02,8.07,1.15,2020-05-29
2148,I65,--,2.42,61.63,4.92,2020-05-29
2149,C32,65.21,1.68,32.73,1.88,2020-05-29
2150,C33,14.05,1.62,27.58,2.1,2020-05-29
2151,C39,--,5.11,41.54,3.93,2020-05-29
2154,C18,18.86,1.2,16.64,1.58,2020-05-29
2156,C39,446.14,4.44,41.54,3.93,2020-05-29
2157,C13,13.07,3.76,25.36,4.13,2020-05-29
2158,C34,23.91,2.87,28.85,1.96,2020-05-29
2159,N78,--,1.5,44.28,2.45,2020-05-29
2160,C32,118.35,1.12,32.73,1.88,2020-05-29
2161,C39,9.41,2.83,41.54,3.93,2020-05-29
2162,C30,98.63,2.71,15.28,2.23,2020-05-29
2163,E50,74.83,10.23,21.62,1.65,2020-05-29
2164,C35,--,3.69,38.13,3.78,2020-05-29
2165,C26,27.83,1.63,23.35,2.06,2020-05-29
2166,C27,37.91,2.37,43.1,4.17,2020-05-29
2167,C32,--,4.38,32.73,1.88,2020-05-29
2168,C38,41.31,3.05,25.9,3.02,2020-05-29
2169,C38,91.06,2.68,25.9,3.02,2020-05-29
2170,C26,74.06,1.75,23.35,2.06,2020-05-29
2171,C32,39.21,2.17,32.73,1.88,2020-05-29
2172,C28,--,1.52,13.75,2.1,2020-05-29
2173,Q83,--,1,98.33,10.32,2020-05-29
2175,I64,7.21,7.28,34.64,4.24,2020-05-29
2177,C35,--,2.01,38.13,3.78,2020-05-29
2178,M74,77.73,3.55,35.91,3.28,2020-05-29
2181,L72,79.84,1.36,33.68,2.7,2020-05-29
2182,C32,6.17,2.05,32.73,1.88,2020-05-29
2184,C38,52.94,3.23,25.9,3.02,2020-05-29
2185,C39,106.38,4.56,41.54,3.93,2020-05-29
2186,H62,--,2.44,--,--,2020-05-29
2187,F52,131.16,1.05,21.46,1.78,2020-05-29
2188,L72,2.16,123.37,33.68,2.7,2020-05-29
2189,C39,95.85,3.59,41.54,3.93,2020-05-29
2190,C35,10.92,2.81,38.13,3.78,2020-05-29
2192,C39,--,7.62,41.54,3.93,2020-05-29
2193,C17,38.4,0.66,20.5,1.54,2020-05-29
2194,C39,49.71,6.84,41.54,3.93,2020-05-29
2196,C35,--,1.1,38.13,3.78,2020-05-29
2197,C34,236.07,1.87,28.85,1.96,2020-05-29
2198,C27,--,3.14,43.1,4.17,2020-05-29
2199,C39,104.39,5.07,41.54,3.93,2020-05-29
2200,A02,--,6.81,--,--,2020-05-29
2201,C30,161.92,4.66,15.28,2.23,2020-05-29
2204,C35,180.82,1.39,38.13,3.78,2020-05-29
2205,C30,--,1.87,15.28,2.23,2020-05-29
2206,C28,13.84,1.39,13.75,2.1,2020-05-29
2207,B11,28.08,19.05,28.95,1.49,2020-05-29
2208,K70,9.08,1.39,8.07,1.15,2020-05-29
2209,C35,--,1.91,38.13,3.78,2020-05-29
2210,L72,--,15.74,33.68,2.7,2020-05-29
2211,C26,--,3.26,23.35,2.06,2020-05-29
2213,C36,744.36,9.63,20.65,1.51,2020-05-29
2214,C39,39.17,7.71,41.54,3.93,2020-05-29
2215,C26,24.94,2.32,23.35,2.06,2020-05-29
2216,C14,44.04,7.75,45.97,6.56,2020-05-29
2218,C38,30.33,1.41,25.9,3.02,2020-05-29
2219,C27,--,12.53,43.1,4.17,2020-05-29
2220,C13,--,1.01,25.36,4.13,2020-05-29
2222,C39,41.94,5.45,41.54,3.93,2020-05-29
2224,C29,35.34,1.8,29.08,2.63,2020-05-29
2225,C30,17.28,1.57,15.28,2.23,2020-05-29
2226,C26,17.01,1.02,23.35,2.06,2020-05-29
2227,C38,407.92,3.63,25.9,3.02,2020-05-29
2228,C22,19.99,1.53,17.95,1.58,2020-05-29
2229,C23,129.93,2.16,26.56,2.64,2020-05-29
2231,C39,47.69,3.95,41.54,3.93,2020-05-29
2232,I65,41.71,3.13,61.63,4.92,2020-05-29
2234,A03,4.77,2.27,13.57,4.67,2020-05-29
2235,I64,--,2.28,34.64,4.24,2020-05-29
2237,C32,43.68,2.63,32.73,1.88,2020-05-29
2238,I63,35.8,2.28,41.83,1.42,2020-05-29
2239,C36,122.46,1.79,20.65,1.51,2020-05-29
2240,C20,237.41,2.1,26.36,1.78,2020-05-29
2243,C29,31.33,3.06,29.08,2.63,2020-05-29
2245,G58,42.3,1.77,16.89,1.56,2020-05-29
2246,C26,31.23,1.65,23.35,2.06,2020-05-29
2247,I64,--,2.81,34.64,4.24,2020-05-29
2248,C34,75.62,20.18,28.85,1.96,2020-05-29
2251,F52,110.58,1.26,21.46,1.78,2020-05-29
2253,I65,59.3,2.15,61.63,4.92,2020-05-29
2254,C28,34.3,3.26,13.75,2.1,2020-05-29
2255,C34,--,1.18,28.85,1.96,2020-05-29
2256,C26,--,1.09,23.35,2.06,2020-05-29
2258,C26,27.21,2.55,23.35,2.06,2020-05-29
2259,D45,--,7.79,21.41,1.66,2020-05-29
2260,--,--,--,--,--,2020-05-29
2261,I65,259.77,3.6,61.63,4.92,2020-05-29
2262,C27,20.75,3.72,43.1,4.17,2020-05-29
2263,C29,57.93,1.86,29.08,2.63,2020-05-29
2264,F52,--,3.84,21.46,1.78,2020-05-29
2265,C36,--,2.57,20.65,1.51,2020-05-29
2267,D45,16.18,1.1,21.41,1.66,2020-05-29
2269,C18,--,2.76,16.64,1.58,2020-05-29
2270,C38,13.75,1.55,25.9,3.02,2020-05-29
2272,C34,151.15,1.35,28.85,1.96,2020-05-29
2274,C26,29.74,1.63,23.35,2.06,2020-05-29
2275,C27,20.84,2.75,43.1,4.17,2020-05-29
2276,C38,50.4,1.87,25.9,3.02,2020-05-29
2277,F52,32.27,0.89,21.46,1.78,2020-05-29
2278,C35,56,1.64,38.13,3.78,2020-05-29
2279,I65,117.91,5.23,61.63,4.92,2020-05-29
2282,C34,39.23,1.4,28.85,1.96,2020-05-29
2283,C36,14,1.05,20.65,1.51,2020-05-29
2284,C36,--,1.35,20.65,1.51,2020-05-29
2286,C13,66.37,1.63,25.36,4.13,2020-05-29
2287,C27,30.39,4.34,43.1,4.17,2020-05-29
2288,C39,--,2.66,41.54,3.93,2020-05-29
2289,C39,101.24,8.89,41.54,3.93,2020-05-29
2290,C38,--,3.14,25.9,3.02,2020-05-29
2291,C18,224.98,5.42,16.64,1.58,2020-05-29
2292,C24,413.04,2.23,39.19,4.53,2020-05-29
2293,C17,16.51,1.86,20.5,1.54,2020-05-29
2295,C32,64.88,1.46,32.73,1.88,2020-05-29
2296,C39,35.51,1.72,41.54,3.93,2020-05-29
2297,C30,--,2.62,15.28,2.23,2020-05-29
2298,I65,18.74,1.26,61.63,4.92,2020-05-29
2299,A03,7.8,3.43,13.57,4.67,2020-05-29
2300,C38,22.08,2.56,25.9,3.02,2020-05-29
2301,C24,46.13,3.33,39.19,4.53,2020-05-29
2303,C22,13.78,1.32,17.95,1.58,2020-05-29
2305,K70,--,0.84,8.07,1.15,2020-05-29
2306,H62,--,273.58,--,--,2020-05-29
2307,E48,117.27,3.21,7.31,0.73,2020-05-29
2308,C39,--,2.36,41.54,3.93,2020-05-29
2309,C38,--,0.58,25.9,3.02,2020-05-29
2310,E48,375.05,1.05,7.31,0.73,2020-05-29
2312,C26,50.03,2.03,23.35,2.06,2020-05-29
2313,C39,108.08,2.72,41.54,3.93,2020-05-29
2314,K70,16.95,0.91,8.07,1.15,2020-05-29
2315,I64,62.44,2,34.64,4.24,2020-05-29
2316,I65,--,3.3,61.63,4.92,2020-05-29
2318,C33,11.62,1.69,27.58,2.1,2020-05-29
2319,C26,--,7.69,23.35,2.06,2020-05-29
2320,G55,112.32,5.26,13.23,1.1,2020-05-29
2321,A03,--,0.96,13.57,4.67,2020-05-29
2322,I65,14.02,1.42,61.63,4.92,2020-05-29
2323,E50,--,27.44,21.62,1.65,2020-05-29
2324,C29,53.23,4.19,29.08,2.63,2020-05-29
2325,E50,--,1.24,21.62,1.65,2020-05-29
2326,C26,44.78,3.01,23.35,2.06,2020-05-29
2327,C17,12.86,1.77,20.5,1.54,2020-05-29
2328,C36,39.08,1.56,20.65,1.51,2020-05-29
2329,C14,--,2.35,45.97,6.56,2020-05-29
2330,C13,256.98,2.5,25.36,4.13,2020-05-29
2331,I65,27.97,1.94,61.63,4.92,2020-05-29
2332,C27,33.14,4.62,43.1,4.17,2020-05-29
2333,C32,--,1.79,32.73,1.88,2020-05-29
2334,C38,--,2.08,25.9,3.02,2020-05-29
2335,C38,27.33,1.72,25.9,3.02,2020-05-29
2336,F52,83.9,1.58,21.46,1.78,2020-05-29
2337,C35,76.46,1.59,38.13,3.78,2020-05-29
2338,C40,100.58,5.86,28.74,2.76,2020-05-29
2339,C38,75.7,1.79,25.9,3.02,2020-05-29
2341,C26,--,1.21,23.35,2.06,2020-05-29
2342,C33,171.06,1.13,27.58,2.1,2020-05-29
2343,R86,26.35,2.32,46.73,2.1,2020-05-29
2344,L72,20.4,0.66,33.68,2.7,2020-05-29
2345,C41,--,0.93,34.4,2.18,2020-05-29
2346,C38,--,2.18,25.9,3.02,2020-05-29
2347,C34,110.83,1.61,28.85,1.96,2020-05-29
2348,C24,--,1.89,39.19,4.53,2020-05-29
2349,C27,--,2.13,43.1,4.17,2020-05-29
2350,C38,93.26,1.58,25.9,3.02,2020-05-29
2351,C39,116.69,8.77,41.54,3.93,2020-05-29
2354,I64,--,3.75,34.64,4.24,2020-05-29
2355,C36,--,1.23,20.65,1.51,2020-05-29
2356,F52,--,--,21.46,1.78,2020-05-29
2357,G54,24.13,1.42,16.04,1.04,2020-05-29
2359,I63,--,0.58,41.83,1.42,2020-05-29
2360,C26,12.9,1.65,23.35,2.06,2020-05-29
2361,C26,34.34,2.23,23.35,2.06,2020-05-29
2362,C39,84.34,4.07,41.54,3.93,2020-05-29
2363,C36,42.86,1.1,20.65,1.51,2020-05-29
2364,C38,168.69,3.27,25.9,3.02,2020-05-29
2365,C27,32.18,1.72,43.1,4.17,2020-05-29
2367,C34,33.8,2.63,28.85,1.96,2020-05-29
2369,C39,242.05,2.68,41.54,3.93,2020-05-29
2370,C27,--,4.17,43.1,4.17,2020-05-29
2374,E48,--,0.88,7.31,0.73,2020-05-29
2376,C39,25.02,1.87,41.54,3.93,2020-05-29
2377,K70,14.57,0.62,8.07,1.15,2020-05-29
2378,C32,--,2.54,32.73,1.88,2020-05-29
2379,C32,10.15,1.72,32.73,1.88,2020-05-29
2380,I65,25.11,1.43,61.63,4.92,2020-05-29
2381,C29,13.88,1.89,29.08,2.63,2020-05-29
2383,C39,--,2.59,41.54,3.93,2020-05-29
2386,C26,276.76,0.79,23.35,2.06,2020-05-29
2388,C39,64.47,2.85,41.54,3.93,2020-05-29
2389,C39,51.93,1.86,41.54,3.93,2020-05-29
2391,C26,16.37,1.37,23.35,2.06,2020-05-29
2392,C30,10.61,1.18,15.28,2.23,2020-05-29
2393,C27,24.68,0.99,43.1,4.17,2020-05-29
2394,C17,6.94,0.85,20.5,1.54,2020-05-29
2395,C29,151.22,5.34,29.08,2.63,2020-05-29
2396,C39,33.47,4.53,41.54,3.93,2020-05-29
2397,C17,102.74,3.09,20.5,1.54,2020-05-29
2398,M74,23.56,3,35.91,3.28,2020-05-29
2400,L72,133.83,2.97,33.68,2.7,2020-05-29
2401,I65,30.14,4.45,61.63,4.92,2020-05-29
2402,C39,40.94,4.99,41.54,3.93,2020-05-29
2403,C33,58.05,1.27,27.58,2.1,2020-05-29
2404,C18,23.82,1.94,16.64,1.58,2020-05-29
2405,I65,129.36,3.76,61.63,4.92,2020-05-29
2406,C36,13.64,1.19,20.65,1.51,2020-05-29
2409,C26,60.14,4.89,23.35,2.06,2020-05-29
2412,C27,21.54,2.17,43.1,4.17,2020-05-29
2413,C39,70.13,2.28,41.54,3.93,2020-05-29
2417,I65,116.23,7.52,61.63,4.92,2020-05-29
2418,C34,--,3.1,28.85,1.96,2020-05-29
2420,C29,11.33,3.06,29.08,2.63,2020-05-29
2421,I65,--,2.75,61.63,4.92,2020-05-29
2425,I64,30.8,1.29,34.64,4.24,2020-05-29
2427,C28,--,3.87,13.75,2.1,2020-05-29
2428,C32,--,4.84,32.73,1.88,2020-05-29
2429,C39,18.84,2.18,41.54,3.93,2020-05-29
2430,C35,19.64,1.96,38.13,3.78,2020-05-29
2431,E48,--,0.92,7.31,0.73,2020-05-29
2432,C35,28.02,2.38,38.13,3.78,2020-05-29
2433,C27,44.35,0.64,43.1,4.17,2020-05-29
2435,C27,--,0.88,43.1,4.17,2020-05-29
2436,C39,59.35,6.08,41.54,3.93,2020-05-29
2438,C34,22.71,1.84,28.85,1.96,2020-05-29
2441,F51,20.72,1.17,15.86,1.37,2020-05-29
2442,C26,105.21,1.6,23.35,2.06,2020-05-29
2443,C33,12.17,1.35,27.58,2.1,2020-05-29
2445,R86,--,19.12,46.73,2.1,2020-05-29
2446,C39,--,2.27,41.54,3.93,2020-05-29
2447,I64,--,3.3,34.64,4.24,2020-05-29
2448,C36,39.44,1.15,20.65,1.51,2020-05-29
2449,C39,20.09,1.86,41.54,3.93,2020-05-29
2450,--,--,--,--,--,2020-05-29
2451,C38,--,4.52,25.9,3.02,2020-05-29
2452,C38,19.8,2.55,25.9,3.02,2020-05-29
2453,I65,--,4.53,61.63,4.92,2020-05-29
2454,C36,34.6,0.86,20.65,1.51,2020-05-29
2455,C26,98.12,1.74,23.35,2.06,2020-05-29
2457,C30,19.42,1.21,15.28,2.23,2020-05-29
2458,A03,7.35,4.53,13.57,4.67,2020-05-29
2459,C38,13.97,2.29,25.9,3.02,2020-05-29
2461,C15,40.43,2.3,34.72,7.25,2020-05-29
2462,F51,12.11,1.14,15.86,1.37,2020-05-29
2464,I64,--,36.29,34.64,4.24,2020-05-29
2467,I64,51.67,4.26,34.64,4.24,2020-05-29
2469,M74,28.8,1.76,35.91,3.28,2020-05-29
2471,C38,--,2.03,25.9,3.02,2020-05-29
2472,C34,196.85,0.97,28.85,1.96,2020-05-29
2473,C38,--,7.89,25.9,3.02,2020-05-29
2474,I65,163.16,2.91,61.63,4.92,2020-05-29
2476,C26,37.48,4.27,23.35,2.06,2020-05-29
2478,C33,8.28,1.02,27.58,2.1,2020-05-29
2479,D44,18.56,1.4,17.02,1.24,2020-05-29
2480,C34,--,1.56,28.85,1.96,2020-05-29
2481,C14,75.68,5.87,45.97,6.56,2020-05-29
2483,C34,32.52,1.17,28.85,1.96,2020-05-29
2484,C39,29.96,2.08,41.54,3.93,2020-05-29
2485,C18,38.16,1.21,16.64,1.58,2020-05-29
2486,C18,--,3.35,16.64,1.58,2020-05-29
2487,C33,13.64,1.42,27.58,2.1,2020-05-29
2488,C36,--,1.31,20.65,1.51,2020-05-29
2489,C21,14.75,2.12,25.99,3.34,2020-05-29
2490,C35,--,1.58,38.13,3.78,2020-05-29
2492,G59,42.31,1.72,32.08,1.44,2020-05-29
2494,C19,257.81,0.94,35.5,1.42,2020-05-29
2495,C14,304.39,2.19,45.97,6.56,2020-05-29
2496,C26,--,1.33,23.35,2.06,2020-05-29
2497,C26,171.38,2.83,23.35,2.06,2020-05-29
2498,C38,36.64,3.4,25.9,3.02,2020-05-29
2499,D44,--,18.47,17.02,1.24,2020-05-29
2501,C32,--,--,32.73,1.88,2020-05-29
2502,R86,--,1.93,46.73,2.1,2020-05-29
2504,E50,--,4.2,21.62,1.65,2020-05-29
2506,C39,--,3.05,41.54,3.93,2020-05-29
2509,--,--,--,--,--,2020-05-29
2510,C36,--,1.46,20.65,1.51,2020-05-29
2511,C22,39.9,6.22,17.95,1.58,2020-05-29
2512,C39,60.7,4.02,41.54,3.93,2020-05-29
2513,C26,--,1.08,23.35,2.06,2020-05-29
2514,C33,206.98,2.36,27.58,2.1,2020-05-29
2515,C13,124.05,4.6,25.36,4.13,2020-05-29
2516,C17,26.42,1.2,20.5,1.54,2020-05-29
2517,I64,--,2.48,34.64,4.24,2020-05-29
2518,C38,23.22,2.62,25.9,3.02,2020-05-29
2519,C39,28.57,1.81,41.54,3.93,2020-05-29
2520,C34,32.54,1.92,28.85,1.96,2020-05-29
2521,C22,18.84,0.78,17.95,1.58,2020-05-29
2522,C29,77.9,3.03,29.08,2.63,2020-05-29
2523,C34,58.16,1.63,28.85,1.96,2020-05-29
2524,Q83,47.17,4.77,98.33,10.32,2020-05-29
2526,C35,20.43,1.48,38.13,3.78,2020-05-29
2527,C38,63.47,1.17,25.9,3.02,2020-05-29
2528,C39,379.96,1.46,41.54,3.93,2020-05-29
2529,C34,--,1.63,28.85,1.96,2020-05-29
2530,I64,--,2.43,34.64,4.24,2020-05-29
2531,C38,13.31,1.78,25.9,3.02,2020-05-29
2532,C34,20.07,2.1,28.85,1.96,2020-05-29
2533,C38,20.26,1.2,25.9,3.02,2020-05-29
2534,C34,15.97,1.66,28.85,1.96,2020-05-29
2535,C35,--,1.37,38.13,3.78,2020-05-29
2536,C36,46.55,1.4,20.65,1.51,2020-05-29
2537,C34,--,1.81,28.85,1.96,2020-05-29
2538,C26,13.42,0.88,23.35,2.06,2020-05-29
2539,C26,25.71,1.82,23.35,2.06,2020-05-29
2540,C32,16.07,1.16,32.73,1.88,2020-05-29
2541,C33,21.95,2.35,27.58,2.1,2020-05-29
2542,E48,24.86,1.49,7.31,0.73,2020-05-29
2543,C38,11.54,1.64,25.9,3.02,2020-05-29
2545,C33,28.56,1.22,27.58,2.1,2020-05-29
2546,C38,19.86,1.09,25.9,3.02,2020-05-29
2547,C33,--,2.94,27.58,2.1,2020-05-29
2548,C13,17.54,2.02,25.36,4.13,2020-05-29
2549,N77,68.41,5.36,23.45,1.74,2020-05-29
2550,C27,36.1,2.3,43.1,4.17,2020-05-29
2551,C35,81.03,1.98,38.13,3.78,2020-05-29
2552,C34,102.21,6.55,28.85,1.96,2020-05-29
2553,C34,43.89,2.96,28.85,1.96,2020-05-29
2554,B11,--,1.52,28.95,1.49,2020-05-29
2556,F52,23.21,2.32,21.46,1.78,2020-05-29
2557,C13,46.46,7.87,25.36,4.13,2020-05-29
2559,C34,34.04,1.92,28.85,1.96,2020-05-29
2560,C38,28.32,2,25.9,3.02,2020-05-29
2561,F52,20.08,1.36,21.46,1.78,2020-05-29
2562,C27,53.66,2.14,43.1,4.17,2020-05-29
2563,C18,15.26,1.58,16.64,1.58,2020-05-29
2564,M74,--,0.99,35.91,3.28,2020-05-29
2565,C22,--,2.17,17.95,1.58,2020-05-29
2566,C27,27.3,1.13,43.1,4.17,2020-05-29
2567,C13,17.44,1.87,25.36,4.13,2020-05-29
2568,C15,77.07,11.94,34.72,7.25,2020-05-29
2569,C18,39.93,4.14,16.64,1.58,2020-05-29
2570,C14,--,3.42,45.97,6.56,2020-05-29
2571,C30,240.51,1.23,15.28,2.23,2020-05-29
2574,C41,103.42,0.75,34.4,2.18,2020-05-29
2575,C24,--,3.17,39.19,4.53,2020-05-29
2576,C38,44.89,1.68,25.9,3.02,2020-05-29
2577,C39,--,3.34,41.54,3.93,2020-05-29
2578,C32,65.44,2.4,32.73,1.88,2020-05-29
2579,C39,38.12,3.76,41.54,3.93,2020-05-29
2580,C38,81.5,1.49,25.9,3.02,2020-05-29
2581,C27,--,7.62,43.1,4.17,2020-05-29
2582,C13,61.7,1.6,25.36,4.13,2020-05-29
2584,C26,67.96,1.79,23.35,2.06,2020-05-29
2585,C29,26.65,0.75,29.08,2.63,2020-05-29
2586,E48,--,0.56,7.31,0.73,2020-05-29
2587,C39,24.83,2.51,41.54,3.93,2020-05-29
2588,C26,39.39,1.16,23.35,2.06,2020-05-29
2590,C36,29.81,1.77,20.65,1.51,2020-05-29
2591,C26,29.01,1.61,23.35,2.06,2020-05-29
2592,C36,--,2.18,20.65,1.51,2020-05-29
2593,C36,27.76,1.26,20.65,1.51,2020-05-29
2595,C35,16.26,2.84,38.13,3.78,2020-05-29
2596,C30,--,3.08,15.28,2.23,2020-05-29
2597,C26,16.02,2.88,23.35,2.06,2020-05-29
2598,C34,26.72,2.2,28.85,1.96,2020-05-29
2599,C23,20.31,1.23,26.56,2.64,2020-05-29
2600,C39,45.34,5.27,41.54,3.93,2020-05-29
2604,--,--,--,--,--,2020-05-29
2605,C24,12.27,5.84,39.19,4.53,2020-05-29
2606,C38,43.57,3.21,25.9,3.02,2020-05-29
2608,D44,13.17,0.85,17.02,1.24,2020-05-29
2609,I65,51.85,3.57,61.63,4.92,2020-05-29
2610,C38,--,1.49,25.9,3.02,2020-05-29
2611,C38,3.38,1.43,25.9,3.02,2020-05-29
2612,C18,--,1.12,16.64,1.58,2020-05-29
2613,C35,63.87,2.03,38.13,3.78,2020-05-29
2614,C35,21.66,1.35,38.13,3.78,2020-05-29
2615,C33,96.59,2.2,27.58,2.1,2020-05-29
2616,C38,24.71,3.01,25.9,3.02,2020-05-29
2617,C38,127.91,2.49,25.9,3.02,2020-05-29
2618,C39,297.21,3.47,41.54,3.93,2020-05-29
2619,I64,--,1.15,34.64,4.24,2020-05-29
2620,E50,21.1,1,21.62,1.65,2020-05-29
2621,P82,55.11,4.03,95.58,18.62,2020-05-29
2622,C38,158.78,1.93,25.9,3.02,2020-05-29
2623,C30,--,2.85,15.28,2.23,2020-05-29
2626,C14,25.62,4.38,45.97,6.56,2020-05-29
2627,G54,57.22,1.39,16.04,1.04,2020-05-29
2628,E48,63.91,1.08,7.31,0.73,2020-05-29
2629,B11,40.23,24.58,28.95,1.49,2020-05-29
2630,C34,562.68,0.77,28.85,1.96,2020-05-29
2631,C20,159.89,2.78,26.36,1.78,2020-05-29
2632,C26,25.98,2.49,23.35,2.06,2020-05-29
2633,C34,--,2.37,28.85,1.96,2020-05-29
2634,C18,68.45,4.53,16.64,1.58,2020-05-29
2636,C39,35.71,2.17,41.54,3.93,2020-05-29
2637,C26,10.92,1.7,23.35,2.06,2020-05-29
2638,C38,110.2,0.79,25.9,3.02,2020-05-29
2639,C34,186.94,2.06,28.85,1.96,2020-05-29
2641,C29,17.12,2.39,29.08,2.63,2020-05-29
2642,I65,134.7,1.25,61.63,4.92,2020-05-29
2643,C26,26.25,2.81,23.35,2.06,2020-05-29
2644,C27,52.71,2.61,43.1,4.17,2020-05-29
2645,C35,20.28,2.22,38.13,3.78,2020-05-29
2646,C15,--,1.89,34.72,7.25,2020-05-29
2647,J69,2433.3,19.26,17.79,1.31,2020-05-29
2648,C26,12.65,1.49,23.35,2.06,2020-05-29
2649,I65,20.13,1.57,61.63,4.92,2020-05-29
2650,C14,36.87,2.43,45.97,6.56,2020-05-29
2651,C35,31.25,2.24,38.13,3.78,2020-05-29
2652,C33,--,4.07,27.58,2.1,2020-05-29
2654,L72,124.52,1.79,33.68,2.7,2020-05-29
2655,C39,177.48,8.5,41.54,3.93,2020-05-29
2656,C18,--,1.46,16.64,1.58,2020-05-29
2657,I65,--,2.02,61.63,4.92,2020-05-29
2658,C40,33.24,1.68,28.74,2.76,2020-05-29
2659,P82,67.77,1.33,95.58,18.62,2020-05-29
2660,C39,31.32,3.75,41.54,3.93,2020-05-29
2661,C14,30.27,3.22,45.97,6.56,2020-05-29
2662,C36,--,1.62,20.65,1.51,2020-05-29
2663,E48,--,0.97,7.31,0.73,2020-05-29
2664,C36,17.2,2.02,20.65,1.51,2020-05-29
2666,C26,18.38,1.32,23.35,2.06,2020-05-29
2667,C35,--,1.87,38.13,3.78,2020-05-29
2668,C38,--,1.77,25.9,3.02,2020-05-29
2669,C26,25.49,1.61,23.35,2.06,2020-05-29
2671,C30,--,1.03,15.28,2.23,2020-05-29
2674,C19,27.21,1.1,35.5,1.42,2020-05-29
2675,C27,93.05,3.5,43.1,4.17,2020-05-29
2676,C29,150.38,2.29,29.08,2.63,2020-05-29
2677,C38,17.9,4.71,25.9,3.02,2020-05-29
2678,C24,65.03,2.79,39.19,4.53,2020-05-29
2679,A02,14404.79,3.24,--,--,2020-05-29
2682,G54,23.17,0.78,16.04,1.04,2020-05-29
2683,B11,75.42,7.1,28.95,1.49,2020-05-29
2684,C38,24.71,--,25.9,3.02,2020-05-29
2685,C34,16.09,1.11,28.85,1.96,2020-05-29
2686,C34,--,2.37,28.85,1.96,2020-05-29
2687,C18,13.19,1.62,16.64,1.58,2020-05-29
2688,C27,21.78,2.52,43.1,4.17,2020-05-29
2689,C34,--,3.29,28.85,1.96,2020-05-29
2691,C35,147.02,1.92,38.13,3.78,2020-05-29
2692,C38,--,2.07,25.9,3.02,2020-05-29
2693,C27,76.62,4.01,43.1,4.17,2020-05-29
2694,C29,177.68,1.79,29.08,2.63,2020-05-29
2695,C13,59.35,5.93,25.36,4.13,2020-05-29
2696,A04,--,1.82,--,1.51,2020-05-29
2697,F52,26.16,4.74,21.46,1.78,2020-05-29
2698,C35,33.93,4.7,38.13,3.78,2020-05-29
2699,R87,240.12,1.62,61.95,5.99,2020-05-29
2700,D45,20.76,1.34,21.41,1.66,2020-05-29
2702,C13,195.07,3.74,25.36,4.13,2020-05-29
2703,C36,--,2.55,20.65,1.51,2020-05-29
2705,C38,38.79,6.34,25.9,3.02,2020-05-29
2706,C38,40.77,6.06,25.9,3.02,2020-05-29
2707,L72,--,2.59,33.68,2.7,2020-05-29
2708,C36,147.16,2.07,20.65,1.51,2020-05-29
2711,--,--,--,--,--,2020-05-29
2712,L72,--,1.29,33.68,2.7,2020-05-29
2713,E50,--,6.85,21.62,1.65,2020-05-29
2715,C36,214.17,4.25,20.65,1.51,2020-05-29
2716,C32,--,--,32.73,1.88,2020-05-29
2717,N77,62.47,1.66,23.45,1.74,2020-05-29
2718,C41,26.3,1.44,34.4,2.18,2020-05-29
2719,C14,--,1.4,45.97,6.56,2020-05-29
2721,C41,--,0.67,34.4,2.18,2020-05-29
2722,C33,49.38,1.08,27.58,2.1,2020-05-29
2723,C38,196.16,5.44,25.9,3.02,2020-05-29
2724,C38,17.56,2.09,25.9,3.02,2020-05-29
2725,C36,199.56,2.61,20.65,1.51,2020-05-29
2726,C13,24.65,3.02,25.36,4.13,2020-05-29
2727,F52,27.7,3.65,21.46,1.78,2020-05-29
2728,C27,17.89,2.28,43.1,4.17,2020-05-29
2729,C39,118.65,4.74,41.54,3.93,2020-05-29
2730,C35,63.77,2.38,38.13,3.78,2020-05-29
2731,C41,42.06,1.5,34.4,2.18,2020-05-29
2732,C14,31.09,3.52,45.97,6.56,2020-05-29
2733,C38,41.06,3.01,25.9,3.02,2020-05-29
2734,C26,12.42,2.14,23.35,2.06,2020-05-29
2735,C29,54.29,4.14,29.08,2.63,2020-05-29
2737,C27,14.06,2.31,43.1,4.17,2020-05-29
2738,M74,30.91,1.55,35.91,3.28,2020-05-29
2740,C18,--,0.86,16.64,1.58,2020-05-29
2741,C26,--,3.46,23.35,2.06,2020-05-29
2742,C30,25.29,1.79,15.28,2.23,2020-05-29
2743,C33,25.71,0.94,27.58,2.1,2020-05-29
2746,A03,6.05,1.76,13.57,4.67,2020-05-29
2747,C40,137.34,5.14,28.74,2.76,2020-05-29
2748,C26,--,1.5,23.35,2.06,2020-05-29
2749,C26,25.16,4.48,23.35,2.06,2020-05-29
2750,C27,--,5.63,43.1,4.17,2020-05-29
2751,C21,90.35,2.36,25.99,3.34,2020-05-29
2752,C33,99.14,2.52,27.58,2.1,2020-05-29
2753,C26,36.55,1.75,23.35,2.06,2020-05-29
2755,C27,22.73,6.07,43.1,4.17,2020-05-29
2756,C31,19.97,1.82,10.69,0.85,2020-05-29
2757,C35,24.71,2.63,38.13,3.78,2020-05-29
2758,F51,113.06,3.57,15.86,1.37,2020-05-29
2759,C38,--,0.96,25.9,3.02,2020-05-29
2760,C33,33.19,3.44,27.58,2.1,2020-05-29
2761,E48,11.86,1.67,7.31,0.73,2020-05-29
2762,C18,60.33,1.96,16.64,1.58,2020-05-29
2763,C18,36.07,1.62,16.64,1.58,2020-05-29
2765,C36,--,1.4,20.65,1.51,2020-05-29
2766,C39,27.98,2.8,41.54,3.93,2020-05-29
2767,C40,97.43,2.79,28.74,2.76,2020-05-29
2768,C29,21.26,3.58,29.08,2.63,2020-05-29
2769,L72,52.88,1.94,33.68,2.7,2020-05-29
2770,C14,--,2.02,45.97,6.56,2020-05-29
2771,I65,81.55,4.01,61.63,4.92,2020-05-29
2772,A01,41.8,1.2,43.97,3.1,2020-05-29
2774,C34,130.58,2.29,28.85,1.96,2020-05-29
2775,E48,11.49,0.98,7.31,0.73,2020-05-29
2776,M74,24.95,1.55,35.91,3.28,2020-05-29
2777,I65,54.21,7.43,61.63,4.92,2020-05-29
2778,C25,378.89,3.74,27.76,1.22,2020-05-29
2779,C35,1017.2,3.04,38.13,3.78,2020-05-29
2780,F52,--,4.8,21.46,1.78,2020-05-29
2781,E50,223.72,1.62,21.62,1.65,2020-05-29
2782,C39,75.73,6.3,41.54,3.93,2020-05-29
2783,C26,144.19,2.03,23.35,2.06,2020-05-29
2785,C30,--,5.14,15.28,2.23,2020-05-29
2786,C35,--,3.57,38.13,3.78,2020-05-29
2787,C33,32.93,1.37,27.58,2.1,2020-05-29
2788,F51,9.9,1.41,15.86,1.37,2020-05-29
2789,E50,--,1.6,21.62,1.65,2020-05-29
2790,C29,15.42,1.53,29.08,2.63,2020-05-29
2791,C33,63.13,8.71,27.58,2.1,2020-05-29
2792,C39,485.76,4.16,41.54,3.93,2020-05-29
2793,C34,30.28,4.63,28.85,1.96,2020-05-29
2795,C34,49.68,4.3,28.85,1.96,2020-05-29
2796,C33,70.95,3.61,27.58,2.1,2020-05-29
2798,C21,26.75,3.98,25.99,3.34,2020-05-29
2799,C22,33.96,3.92,17.95,1.58,2020-05-29
2800,G54,103.37,3.43,16.04,1.04,2020-05-29
2801,C38,23.07,3.86,25.9,3.02,2020-05-29
2802,C26,25.7,3.85,23.35,2.06,2020-05-29
2803,I64,23.65,5.28,34.64,4.24,2020-05-29
2805,C26,354.16,2.92,23.35,2.06,2020-05-29
2806,C39,115.35,1.49,41.54,3.93,2020-05-29
2808,C34,104.76,3.84,28.85,1.96,2020-05-29
2809,C26,19.65,2.15,23.35,2.06,2020-05-29
2810,C26,29.56,5.19,23.35,2.06,2020-05-29
2811,E50,23.71,1.77,21.62,1.65,2020-05-29
2813,C39,--,8.04,41.54,3.93,2020-05-29
2816,C34,--,6.72,28.85,1.96,2020-05-29
2817,C27,48.35,2.59,43.1,4.17,2020-05-29
2819,F51,63.04,6.68,15.86,1.37,2020-05-29
2820,C14,38.88,2.2,45.97,6.56,2020-05-29
2822,E50,27.68,2.18,21.62,1.65,2020-05-29
2823,C38,49.2,2.25,25.9,3.02,2020-05-29
2824,C32,381.56,5.53,32.73,1.88,2020-05-29
2825,C29,52.16,2.67,29.08,2.63,2020-05-29
2826,C27,56.34,3.14,43.1,4.17,2020-05-29
2827,C26,153.88,3.33,23.35,2.06,2020-05-29
2828,B11,40.43,1.91,28.95,1.49,2020-05-29
2829,C39,261.82,5.42,41.54,3.93,2020-05-29
2830,E50,97.1,2.51,21.62,1.65,2020-05-29
2832,C18,18.47,3.36,16.64,1.58,2020-05-29
2833,C35,18.81,3.58,38.13,3.78,2020-05-29
2835,C39,48.53,3.23,41.54,3.93,2020-05-29
2836,C23,94.92,4.29,26.56,2.64,2020-05-29
2837,C35,50.09,6.57,38.13,3.78,2020-05-29
2838,C29,56.35,9.72,29.08,2.63,2020-05-29
2840,C13,36.46,3.02,25.36,4.13,2020-05-29
2842,C32,53.58,2.87,32.73,1.88,2020-05-29
2843,C33,29.88,2.78,27.58,2.1,2020-05-29
2845,C39,33.48,3.12,41.54,3.93,2020-05-29
2846,C33,42.96,4.27,27.58,2.1,2020-05-29
2847,C14,84.27,16.98,45.97,6.56,2020-05-29
2848,C39,81.56,3.03,41.54,3.93,2020-05-29
2849,C40,25.47,2.41,28.74,2.76,2020-05-29
2850,C33,53.7,4.93,27.58,2.1,2020-05-29
2851,C38,35.3,5.82,25.9,3.02,2020-05-29
2852,C13,36.63,2.37,25.36,4.13,2020-05-29
2853,C21,23.96,3.33,25.99,3.34,2020-05-29
2855,C39,63.8,1.88,41.54,3.93,2020-05-29
2856,E50,--,2.96,21.62,1.65,2020-05-29
2857,C40,54.34,3.49,28.74,2.76,2020-05-29
2858,R88,68.76,4.07,--,--,2020-05-29
2859,C39,67.41,6.09,41.54,3.93,2020-05-29
2860,C38,21.6,2.97,25.9,3.02,2020-05-29
2861,C39,45.97,3.02,41.54,3.93,2020-05-29
2862,C24,555.31,4.58,39.19,4.53,2020-05-29
2863,C36,28.97,1.69,20.65,1.51,2020-05-29
2864,C27,33.59,3.45,43.1,4.17,2020-05-29
2865,C36,60.45,2.07,20.65,1.51,2020-05-29
2866,C39,43.86,3.03,41.54,3.93,2020-05-29
2868,C27,34.2,2.67,43.1,4.17,2020-05-29
2869,C39,7.34,3.52,41.54,3.93,2020-05-29
2870,C40,--,2.9,28.74,2.76,2020-05-29
2871,C34,38.38,2.85,28.85,1.96,2020-05-29
2872,F51,--,0.57,15.86,1.37,2020-05-29
2873,C27,34.68,2.71,43.1,4.17,2020-05-29
2875,C18,--,1.98,16.64,1.58,2020-05-29
2876,C39,63.41,5.18,41.54,3.93,2020-05-29
2877,C40,35.67,3.16,28.74,2.76,2020-05-29
2878,L72,43.3,6.57,33.68,2.7,2020-05-29
2879,C38,20.33,2.07,25.9,3.02,2020-05-29
2880,C27,47.92,5.7,43.1,4.17,2020-05-29
2881,C39,183.61,7.45,41.54,3.93,2020-05-29
2882,C38,21.82,2.18,25.9,3.02,2020-05-29
2883,M74,27.33,3.39,35.91,3.28,2020-05-29
2884,C34,14.65,2.13,28.85,1.96,2020-05-29
2885,C39,52.2,3.36,41.54,3.93,2020-05-29
2886,C29,69.26,4.46,29.08,2.63,2020-05-29
2887,N77,19.8,2.11,23.45,1.74,2020-05-29
2888,C39,82.29,6.03,41.54,3.93,2020-05-29
2889,L72,24.03,1.97,33.68,2.7,2020-05-29
2890,C35,364.2,4.68,38.13,3.78,2020-05-29
2891,C13,74.61,7.06,25.36,4.13,2020-05-29
2892,C38,39.12,4.55,25.9,3.02,2020-05-29
2893,D44,32.82,2.5,17.02,1.24,2020-05-29
2895,C26,22.28,2.21,23.35,2.06,2020-05-29
2896,C34,34.91,2.65,28.85,1.96,2020-05-29
2897,C39,77.72,4.35,41.54,3.93,2020-05-29
2898,C27,124.1,3.2,43.1,4.17,2020-05-29
2899,C24,31.28,1.52,39.19,4.53,2020-05-29
2900,C27,22.76,1.9,43.1,4.17,2020-05-29
2901,C35,78.41,20.41,38.13,3.78,2020-05-29
2902,C39,3318.99,4,41.54,3.93,2020-05-29
2903,C34,249.51,3.08,28.85,1.96,2020-05-29
2905,R86,--,2.07,46.73,2.1,2020-05-29
2906,C39,71.84,1.74,41.54,3.93,2020-05-29
2907,C27,39.78,6.01,43.1,4.17,2020-05-29
2908,I65,29.29,3.29,61.63,4.92,2020-05-29
2909,C26,22.57,3.63,23.35,2.06,2020-05-29
2910,C14,94.35,1.75,45.97,6.56,2020-05-29
2911,D45,28.72,3.63,21.41,1.66,2020-05-29
2912,I65,46.57,10.05,61.63,4.92,2020-05-29
2913,C39,32.01,3.18,41.54,3.93,2020-05-29
2915,C26,--,3.34,23.35,2.06,2020-05-29
2917,C26,43.31,3.71,23.35,2.06,2020-05-29
2918,C30,30.81,4.32,15.28,2.23,2020-05-29
2919,C26,96.7,3.48,23.35,2.06,2020-05-29
2921,C33,33.18,2.17,27.58,2.1,2020-05-29
2922,C38,32.82,1.85,25.9,3.02,2020-05-29
2923,C27,26.03,3.24,43.1,4.17,2020-05-29
2927,C38,39.48,3.43,25.9,3.02,2020-05-29
2928,G56,24.84,2.97,37.33,1.54,2020-05-29
2929,I65,27.33,2.11,61.63,4.92,2020-05-29
2930,G59,36.67,2.62,32.08,1.44,2020-05-29
2931,C35,39.83,4.3,38.13,3.78,2020-05-29
2932,C27,116.07,5.19,43.1,4.17,2020-05-29
2933,C37,32.86,2.57,30.04,1.79,2020-05-29
2935,C39,41.75,3.75,41.54,3.93,2020-05-29
2937,C39,33.57,4.42,41.54,3.93,2020-05-29
2940,C27,38.34,4.59,43.1,4.17,2020-05-29
2942,C26,19.93,3.18,23.35,2.06,2020-05-29
2943,C34,--,2.81,28.85,1.96,2020-05-29
2947,C39,35.05,4.7,41.54,3.93,2020-05-29
2949,M74,34.61,3.23,35.91,3.28,2020-05-29
2950,C35,37.7,6.34,38.13,3.78,2020-05-29
2951,C23,32.64,4.21,26.56,2.64,2020-05-29
2952,C39,37.12,3.46,41.54,3.93,2020-05-29
2953,C38,40.73,4.02,25.9,3.02,2020-05-29
2955,C39,38.84,2.46,41.54,3.93,2020-05-29
2956,C14,39.26,4.51,45.97,6.56,2020-05-29
2959,C38,48.02,8.82,25.9,3.02,2020-05-29
2960,C39,18.01,1.85,41.54,3.93,2020-05-29
2961,J67,110.48,6.86,24.97,1.56,2020-05-29
2962,C39,41.15,3.51,41.54,3.93,2020-05-29
2963,E50,23.14,2.24,21.62,1.65,2020-05-29
2965,C33,36.6,3.3,27.58,2.1,2020-05-29
2966,J66,10.36,0.99,5.89,0.63,2020-05-29
2967,M74,350.09,9.57,35.91,3.28,2020-05-29
2968,K70,61.39,8.32,8.07,1.15,2020-05-29
2969,C33,60.78,3.51,27.58,2.1,2020-05-29
2970,C39,51.47,6.28,41.54,3.93,2020-05-29
2971,C26,50.8,3.77,23.35,2.06,2020-05-29
2972,C39,35.2,3.92,41.54,3.93,2020-05-29
2973,N78,52.5,8.62,44.28,2.45,2020-05-29
2975,C35,56.88,7.92,38.13,3.78,2020-05-29
2976,C33,46.83,4.49,27.58,2.1,2020-05-29
2977,C39,86.23,7.03,41.54,3.93,2020-05-29
2978,B08,22.51,5.15,27.32,2.21,2020-05-29
2979,C40,49.49,8.5,28.74,2.76,2020-05-29
2980,C40,49.31,16.12,28.74,2.76,2020-05-29
2981,C39,55.74,8.26,41.54,3.93,2020-05-29
2982,A03,39.1,11.94,13.57,4.67,2020-05-29
2983,C39,69.6,11.11,41.54,3.93,2020-05-29
2985,C37,70.89,13.02,30.04,1.79,2020-05-29
2986,--,--,--,--,--,2020-05-29
2987,I65,45.82,12.7,61.63,4.92,2020-05-29
2988,C32,30.75,3.63,32.73,1.88,2020-05-29
2989,--,--,--,--,--,2020-05-29
2990,I65,45.98,15.67,61.63,4.92,2020-05-29
